Timestamp,aX (g),aY (g),aZ (g),Temp (C),gX,gY,gZ
410,0.29,9.74,0.48,26.58,0.03,0.02,0.01
425,0.29,9.73,0.50,26.59,0.03,0.03,0.01
442,0.29,9.72,0.46,26.58,0.03,0.02,0.01
457,0.31,9.74,0.49,26.57,0.03,0.03,0.01
474,0.29,9.74,0.45,26.57,0.03,0.03,0.01
489,0.28,9.74,0.45,26.57,0.03,0.03,0.01
505,0.29,9.73,0.48,26.56,0.02,0.03,0.01
521,0.29,9.72,0.47,26.58,0.02,0.03,0.01
537,0.31,9.73,0.48,26.58,0.02,0.03,0.01
552,0.31,9.73,0.49,26.59,0.02,0.03,0.01
569,0.28,9.73,0.50,26.58,0.02,0.03,0.01
584,0.31,9.72,0.51,26.57,0.03,0.03,0.01
601,0.28,9.73,0.51,26.58,0.03,0.03,0.01
616,0.31,9.73,0.49,26.58,0.03,0.03,0.01
632,0.30,9.73,0.48,26.59,0.03,0.03,0.01
648,0.29,9.74,0.50,26.57,0.03,0.03,0.01
664,0.31,9.74,0.52,26.59,0.03,0.03,0.01
679,0.29,9.73,0.51,26.57,0.02,0.03,0.01
696,0.31,9.73,0.49,26.57,0.02,0.03,0.01
711,0.31,9.72,0.49,26.59,0.02,0.03,0.01
728,0.30,9.72,0.49,26.56,0.03,0.03,0.01
743,0.29,9.75,0.52,26.59,0.03,0.03,0.01
759,0.30,9.75,0.46,26.59,0.03,0.03,0.01
775,0.29,9.72,0.52,26.60,0.03,0.03,0.01
791,0.29,9.74,0.51,26.59,0.03,0.02,0.01
806,0.29,9.73,0.48,26.59,0.03,0.02,0.01
823,0.31,9.72,0.46,26.58,0.03,0.02,0.01
838,0.30,9.72,0.47,26.60,0.03,0.03,0.01
854,0.30,9.74,0.49,26.59,0.03,0.03,0.01
870,0.30,9.73,0.48,26.59,0.02,0.03,0.01
885,0.29,9.74,0.51,26.59,0.03,0.03,0.01
902,0.29,9.72,0.49,26.59,0.03,0.03,0.01
917,0.30,9.72,0.47,26.60,0.03,0.03,0.01
933,0.30,9.74,0.50,26.59,0.03,0.03,0.01
949,0.30,9.72,0.54,26.59,0.03,0.02,0.01
965,0.30,9.70,0.49,26.60,0.03,0.03,0.01
980,0.29,9.73,0.50,26.60,0.03,0.03,0.01
997,0.30,9.74,0.48,26.59,0.03,0.03,0.01
1012,0.30,9.73,0.48,26.59,0.02,0.03,0.01
1029,0.31,9.72,0.46,26.59,0.02,0.03,0.01
1044,0.30,9.74,0.46,26.60,0.02,0.03,0.01
1060,0.31,9.73,0.47,26.61,0.02,0.03,0.01
1076,0.31,9.73,0.48,26.60,0.02,0.03,0.01
1092,0.29,9.75,0.52,26.60,0.03,0.02,0.01
1107,0.31,9.72,0.50,26.59,0.03,0.02,0.01
1124,0.30,9.73,0.50,26.60,0.03,0.03,0.01
1139,0.29,9.72,0.50,26.59,0.03,0.03,0.01
1156,0.30,9.73,0.47,26.60,0.03,0.02,0.01
1171,0.29,9.72,0.47,26.60,0.03,0.03,0.01
1187,0.30,9.72,0.47,26.59,0.03,0.03,0.01
1203,0.31,9.73,0.47,26.58,0.03,0.02,0.01
1219,0.29,9.71,0.50,26.58,0.02,0.03,0.01
1234,0.28,9.72,0.50,26.60,0.02,0.03,0.01
1251,0.29,9.74,0.50,26.61,0.02,0.03,0.01
1267,0.28,9.72,0.47,26.59,0.03,0.03,0.01
1283,0.28,9.76,0.50,26.60,0.03,0.03,0.01
1299,0.29,9.74,0.48,26.62,0.03,0.03,0.01
1314,0.32,9.74,0.50,26.60,0.03,0.03,0.01
1331,0.29,9.72,0.48,26.60,0.03,0.03,0.01
1346,0.28,9.72,0.49,26.59,0.03,0.03,0.01
1362,0.30,9.72,0.48,26.61,0.03,0.03,0.01
1378,0.29,9.73,0.45,26.60,0.02,0.03,0.01
1394,0.32,9.72,0.50,26.60,0.03,0.03,0.01
1410,0.29,9.74,0.50,26.57,0.02,0.03,0.01
1426,0.29,9.73,0.52,26.60,0.02,0.03,0.01
1441,0.28,9.73,0.50,26.60,0.03,0.03,0.01
1458,0.28,9.75,0.50,26.61,0.03,0.03,0.01
1473,0.29,9.72,0.49,26.60,0.03,0.03,0.01
1489,0.31,9.75,0.48,26.60,0.03,0.03,0.01
1505,0.30,9.75,0.49,26.60,0.03,0.03,0.01
1521,0.30,9.73,0.49,26.61,0.03,0.03,0.01
1537,0.29,9.72,0.50,26.60,0.03,0.03,0.01
1553,0.28,9.73,0.46,26.60,0.03,0.03,0.01
1568,0.30,9.74,0.48,26.59,0.02,0.03,0.01
1585,0.30,9.73,0.51,26.60,0.02,0.03,0.01
1600,0.28,9.72,0.53,26.59,0.02,0.03,0.01
1616,0.29,9.76,0.49,26.60,0.03,0.02,0.01
1632,0.28,9.74,0.52,26.60,0.03,0.02,0.01
1648,0.29,9.72,0.48,26.60,0.03,0.03,0.01
1664,0.29,9.72,0.51,26.60,0.03,0.03,0.01
1680,0.31,9.74,0.49,26.59,0.03,0.03,0.01
1696,0.30,9.72,0.51,26.61,0.03,0.03,0.01
1712,0.30,9.73,0.49,26.59,0.02,0.03,0.01
1728,0.28,9.72,0.50,26.60,0.02,0.03,0.01
1743,0.30,9.74,0.48,26.59,0.02,0.03,0.01
1760,0.31,9.73,0.50,26.62,0.02,0.03,0.01
1775,0.30,9.73,0.49,26.61,0.02,0.03,0.01
1792,0.31,9.73,0.48,26.61,0.02,0.03,0.01
1807,0.29,9.72,0.51,26.62,0.02,0.03,0.01
1823,0.29,9.71,0.52,26.60,0.03,0.03,0.01
1839,0.30,9.73,0.50,26.60,0.03,0.03,0.01
1855,0.29,9.74,0.51,26.60,0.03,0.03,0.01
1870,0.29,9.72,0.45,26.62,0.03,0.03,0.01
1887,0.28,9.71,0.47,26.62,0.03,0.03,0.01
1902,0.28,9.74,0.49,26.62,0.03,0.03,0.01
1918,0.28,9.74,0.51,26.61,0.02,0.03,0.01
1934,0.28,9.73,0.52,26.62,0.02,0.03,0.01
1950,0.30,9.71,0.49,26.60,0.03,0.03,0.01
1966,0.29,9.73,0.48,26.61,0.03,0.03,0.01
1982,0.28,9.73,0.48,26.62,0.03,0.02,0.01
1997,0.29,9.73,0.50,26.62,0.03,0.03,0.01
2014,0.28,9.72,0.50,26.63,0.03,0.03,0.01
2029,0.30,9.73,0.49,26.62,0.03,0.03,0.01
2045,0.31,9.72,0.47,26.61,0.03,0.03,0.01
2061,0.31,9.71,0.49,26.63,0.03,0.03,0.01
2077,0.31,9.72,0.47,26.59,0.02,0.03,0.01
2094,0.31,9.74,0.46,26.60,0.02,0.03,0.01
2109,0.30,9.73,0.50,26.62,0.02,0.03,0.01
2125,0.31,9.72,0.51,26.62,0.03,0.03,0.01
2141,0.29,9.73,0.49,26.62,0.02,0.03,0.01
2157,0.29,9.75,0.49,26.62,0.03,0.03,0.01
2172,0.30,9.72,0.49,26.62,0.03,0.03,0.01
2189,0.30,9.74,0.50,26.62,0.03,0.03,0.01
2204,0.29,9.73,0.49,26.61,0.03,0.03,0.01
2221,0.28,9.73,0.48,26.61,0.03,0.03,0.01
2236,0.28,9.74,0.45,26.61,0.03,0.03,0.01
2252,0.29,9.73,0.48,26.63,0.02,0.03,0.01
2268,0.29,9.71,0.48,26.62,0.02,0.03,0.01
2284,0.29,9.72,0.51,26.62,0.02,0.03,0.01
2299,0.29,9.73,0.49,26.62,0.02,0.03,0.01
2316,0.30,9.73,0.51,26.63,0.02,0.03,0.01
2331,0.30,9.72,0.49,26.59,0.03,0.02,0.01
2348,0.28,9.73,0.51,26.60,0.03,0.03,0.01
2363,0.29,9.72,0.51,26.62,0.03,0.02,0.01
2379,0.30,9.73,0.50,26.61,0.03,0.03,0.01
2395,0.32,9.72,0.50,26.61,0.03,0.03,0.01
2411,0.29,9.71,0.50,26.60,0.03,0.03,0.01
2427,0.31,9.73,0.48,26.61,0.02,0.03,0.01
2443,0.29,9.73,0.47,26.62,0.03,0.03,0.01
2459,0.30,9.73,0.50,26.61,0.02,0.03,0.01
2475,0.28,9.73,0.50,26.60,0.03,0.03,0.01
2491,0.30,9.73,0.49,26.61,0.03,0.03,0.01
2506,0.30,9.73,0.49,26.63,0.03,0.03,0.01
2523,0.30,9.74,0.49,26.62,0.03,0.03,0.01
2538,0.30,9.75,0.47,26.62,0.03,0.02,0.01
2554,0.30,9.75,0.49,26.61,0.03,0.03,0.01
2570,0.31,9.72,0.49,26.61,0.03,0.03,0.01
2586,0.30,9.73,0.47,26.61,0.03,0.03,0.01
2601,0.30,9.73,0.47,26.62,0.03,0.03,0.01
2618,0.31,9.72,0.49,26.61,0.02,0.03,0.01
2633,0.30,9.72,0.50,26.63,0.02,0.03,0.01
2650,0.31,9.72,0.52,26.62,0.03,0.03,0.01
2665,0.31,9.71,0.51,26.62,0.03,0.03,0.01
2681,0.28,9.73,0.49,26.60,0.03,0.03,0.01
2697,0.28,9.72,0.49,26.62,0.03,0.03,0.01
2713,0.29,9.73,0.50,26.61,0.03,0.03,0.01
2728,0.31,9.75,0.54,26.60,0.03,0.03,0.01
2745,0.31,9.73,0.50,26.61,0.03,0.03,0.01
2761,0.30,9.72,0.47,26.62,0.03,0.03,0.01
2777,0.29,9.74,0.50,26.62,0.03,0.03,0.01
2793,0.30,9.71,0.48,26.60,0.03,0.03,0.01
2808,0.28,9.73,0.50,26.61,0.02,0.03,0.01
2825,0.30,9.72,0.48,26.62,0.02,0.03,0.01
2840,0.29,9.72,0.50,26.61,0.02,0.03,0.01
2856,0.29,9.73,0.49,26.61,0.02,0.03,0.01
2872,0.29,9.74,0.46,26.60,0.03,0.03,0.01
2888,0.30,9.73,0.48,26.60,0.03,0.03,0.01
2904,0.30,9.73,0.48,26.61,0.03,0.03,0.01
2920,0.29,9.73,0.47,26.60,0.03,0.02,0.01
2935,0.30,9.74,0.48,26.61,0.03,0.03,0.01
2952,0.30,9.71,0.50,26.62,0.03,0.03,0.01
2967,0.30,9.73,0.50,26.60,0.02,0.03,0.01
2983,0.31,9.74,0.50,26.61,0.03,0.03,0.01
2999,0.29,9.71,0.49,26.59,0.02,0.03,0.01
3015,0.28,9.72,0.49,26.61,0.03,0.03,0.01
3031,0.29,9.72,0.48,26.60,0.03,0.03,0.01
3047,0.30,9.73,0.47,26.62,0.03,0.03,0.01
3062,0.30,9.73,0.48,26.62,0.03,0.03,0.01
3079,0.29,9.73,0.51,26.61,0.03,0.03,0.01
3094,0.29,9.73,0.49,26.61,0.03,0.03,0.01
3110,0.27,9.74,0.51,26.62,0.03,0.03,0.01
3126,0.29,9.72,0.48,26.61,0.03,0.03,0.01
3142,0.30,9.73,0.49,26.62,0.02,0.03,0.01
3159,0.30,9.74,0.49,26.62,0.02,0.03,0.01
3174,0.31,9.72,0.50,26.59,0.03,0.03,0.01
3190,0.30,9.73,0.48,26.60,0.02,0.03,0.01
3206,0.31,9.73,0.47,26.62,0.03,0.03,0.01
3222,0.29,9.74,0.47,26.61,0.03,0.03,0.01
3237,0.31,9.73,0.47,26.62,0.03,0.03,0.01
3254,0.30,9.73,0.48,26.62,0.03,0.03,0.01
3269,0.30,9.75,0.47,26.62,0.03,0.03,0.01
3286,0.29,9.72,0.47,26.60,0.03,0.03,0.01
3301,0.30,9.73,0.49,26.61,0.03,0.03,0.01
3317,0.31,9.73,0.50,26.61,0.02,0.03,0.01
3333,0.30,9.73,0.50,26.59,0.02,0.03,0.01
3349,0.30,9.76,0.52,26.59,0.03,0.03,0.01
3364,0.30,9.73,0.50,26.62,0.03,0.03,0.01
3381,0.29,9.73,0.49,26.60,0.03,0.03,0.01
3396,0.29,9.73,0.48,26.61,0.03,0.03,0.01
3412,0.30,9.75,0.50,26.61,0.03,0.03,0.01
3428,0.28,9.75,0.47,26.59,0.03,0.03,0.01
3444,0.30,9.74,0.47,26.62,0.03,0.03,0.01
3460,0.28,9.71,0.50,26.60,0.03,0.03,0.01
3476,0.31,9.73,0.46,26.60,0.03,0.03,0.01
3491,0.31,9.73,0.49,26.61,0.02,0.03,0.01
3508,0.28,9.73,0.49,26.62,0.02,0.03,0.01
3524,0.27,9.73,0.48,26.59,0.02,0.03,0.01
3539,0.30,9.74,0.51,26.62,0.02,0.03,0.01
3556,0.30,9.74,0.49,26.60,0.03,0.03,0.01
3571,0.29,9.72,0.51,26.61,0.03,0.02,0.01
3588,0.30,9.71,0.51,26.61,0.03,0.03,0.01
3603,0.29,9.72,0.50,26.60,0.03,0.03,0.01
3619,0.29,9.73,0.50,26.61,0.03,0.03,0.01
3635,0.28,9.73,0.48,26.62,0.02,0.03,0.01
3651,0.30,9.73,0.47,26.62,0.03,0.03,0.01
3666,0.30,9.73,0.51,26.59,0.03,0.03,0.01
3683,0.31,9.73,0.50,26.60,0.03,0.03,0.01
3698,0.31,9.73,0.52,26.61,0.03,0.03,0.01
3715,0.30,9.73,0.48,26.63,0.03,0.03,0.01
3730,0.29,9.72,0.51,26.62,0.03,0.02,0.01
3746,0.30,9.70,0.49,26.61,0.03,0.03,0.01
3762,0.30,9.73,0.50,26.61,0.03,0.03,0.01
3778,0.29,9.73,0.48,26.61,0.03,0.02,0.01
3793,0.30,9.75,0.49,26.60,0.03,0.03,0.01
3810,0.31,9.75,0.51,26.61,0.03,0.03,0.01
3825,0.30,9.73,0.49,26.60,0.02,0.03,0.01
3842,0.31,9.73,0.48,26.60,0.02,0.03,0.01
3857,0.28,9.74,0.49,26.60,0.02,0.03,0.01
3873,0.27,9.73,0.47,26.62,0.02,0.03,0.01
3890,0.30,9.72,0.51,26.62,0.02,0.03,0.01
3905,0.30,9.72,0.50,26.62,0.03,0.03,0.01
3921,0.30,9.74,0.48,26.62,0.03,0.03,0.01
3937,0.29,9.73,0.45,26.63,0.03,0.03,0.01
3953,0.29,9.72,0.46,26.63,0.03,0.03,0.01
3969,0.29,9.73,0.49,26.61,0.03,0.03,0.01
3985,0.30,9.73,0.50,26.61,0.03,0.03,0.01
4000,0.28,9.72,0.46,26.60,0.02,0.03,0.01
4017,0.31,9.73,0.53,26.61,0.02,0.03,0.01
4032,0.28,9.76,0.52,26.61,0.02,0.03,0.01
4048,0.30,9.75,0.49,26.62,0.02,0.03,0.01
4064,0.29,9.71,0.52,26.61,0.03,0.03,0.01
4080,0.30,9.74,0.53,26.62,0.03,0.03,0.01
4096,0.28,9.71,0.52,26.61,0.03,0.03,0.01
4112,0.29,9.72,0.50,26.62,0.03,0.03,0.01
4127,0.30,9.73,0.49,26.63,0.03,0.03,0.01
4144,0.28,9.72,0.50,26.62,0.03,0.03,0.01
4159,0.30,9.73,0.48,26.61,0.03,0.03,0.01
4175,0.30,9.73,0.50,26.62,0.02,0.03,0.01
4191,0.29,9.73,0.49,26.62,0.02,0.03,0.01
4207,0.29,9.73,0.51,26.60,0.02,0.03,0.01
4222,0.29,9.73,0.49,26.62,0.02,0.03,0.01
4239,0.27,9.73,0.51,26.61,0.02,0.03,0.01
4255,0.28,9.75,0.52,26.61,0.03,0.03,0.01
4271,0.30,9.71,0.49,26.63,0.03,0.03,0.01
4287,0.30,9.72,0.51,26.62,0.03,0.03,0.01
4302,0.29,9.73,0.47,26.62,0.03,0.03,0.01
4319,0.31,9.74,0.49,26.61,0.03,0.03,0.01
4334,0.29,9.74,0.51,26.61,0.03,0.03,0.01
4350,0.29,9.73,0.50,26.60,0.02,0.03,0.01
4366,0.30,9.73,0.50,26.63,0.03,0.03,0.01
4382,0.29,9.74,0.46,26.61,0.03,0.03,0.01
4398,0.30,9.73,0.51,26.62,0.03,0.03,0.01
4414,0.30,9.74,0.51,26.61,0.03,0.03,0.01
4429,0.28,9.73,0.49,26.62,0.03,0.03,0.01
4446,0.28,9.73,0.49,26.62,0.03,0.02,0.01
4461,0.29,9.73,0.50,26.62,0.03,0.03,0.01
4477,0.29,9.72,0.46,26.59,0.03,0.03,0.01
4493,0.29,9.73,0.45,26.61,0.03,0.03,0.01
4509,0.30,9.72,0.49,26.63,0.03,0.03,0.01
4525,0.29,9.72,0.50,26.60,0.03,0.03,0.01
4541,0.30,9.73,0.49,26.60,0.02,0.03,0.01
4556,0.29,9.74,0.46,26.61,0.02,0.03,0.01
4573,0.30,9.74,0.51,26.62,0.02,0.03,0.01
4588,0.30,9.72,0.50,26.62,0.02,0.03,0.01
4604,0.30,9.72,0.50,26.61,0.03,0.03,0.01
4621,0.29,9.73,0.53,26.61,0.03,0.03,0.01
4636,0.30,9.73,0.50,26.62,0.03,0.03,0.01
4653,0.31,9.72,0.50,26.62,0.03,0.03,0.01
4668,0.30,9.74,0.49,26.61,0.03,0.02,0.01
4684,0.30,9.73,0.48,26.59,0.03,0.03,0.01
4700,0.29,9.72,0.48,26.62,0.03,0.03,0.01
4716,0.28,9.73,0.51,26.60,0.03,0.03,0.01
4731,0.31,9.73,0.49,26.63,0.03,0.02,0.01
4748,0.29,9.72,0.47,26.63,0.03,0.03,0.01
4763,0.30,9.71,0.46,26.61,0.03,0.03,0.01
4780,0.30,9.74,0.48,26.60,0.03,0.03,0.01
4795,0.29,9.73,0.52,26.61,0.03,0.03,0.01
4811,0.30,9.72,0.50,26.62,0.03,0.02,0.01
4827,0.29,9.73,0.49,26.63,0.03,0.03,0.01
4843,0.28,9.73,0.49,26.62,0.03,0.02,0.01
4858,0.28,9.72,0.48,26.62,0.03,0.03,0.01
4875,0.29,9.71,0.48,26.62,0.02,0.03,0.01
4890,0.28,9.74,0.51,26.62,0.02,0.03,0.01
4907,0.29,9.73,0.50,26.63,0.02,0.03,0.01
4922,0.31,9.73,0.46,26.63,0.02,0.03,0.01
4938,0.31,9.74,0.48,26.63,0.02,0.03,0.01
4954,0.30,9.72,0.48,26.62,0.02,0.03,0.01
4970,0.30,9.74,0.49,26.63,0.03,0.03,0.01
4986,0.33,9.74,0.50,26.62,0.03,0.02,0.01
5002,0.31,9.74,0.51,26.63,0.03,0.03,0.01
5018,0.30,9.71,0.49,26.62,0.03,0.03,0.01
5033,0.31,9.73,0.50,26.62,0.03,0.02,0.01
5050,0.30,9.73,0.51,26.64,0.03,0.03,0.01
5065,0.30,9.73,0.50,26.61,0.03,0.03,0.01
5082,0.30,9.72,0.49,26.62,0.02,0.03,0.01
5097,0.29,9.73,0.53,26.63,0.03,0.03,0.01
5113,0.30,9.73,0.51,26.61,0.03,0.03,0.01
5129,0.28,9.74,0.52,26.62,0.03,0.03,0.01
5145,0.28,9.73,0.50,26.62,0.03,0.03,0.01
5160,0.29,9.74,0.50,26.62,0.03,0.03,0.01
5177,0.30,9.73,0.52,26.63,0.03,0.03,0.01
5192,0.30,9.72,0.50,26.63,0.03,0.03,0.01
5209,0.30,9.73,0.48,26.62,0.03,0.03,0.01
5224,0.29,9.73,0.51,26.62,0.03,0.03,0.01
5240,0.29,9.74,0.50,26.62,0.02,0.03,0.01
5256,0.29,9.73,0.48,26.63,0.02,0.03,0.01
5272,0.30,9.74,0.54,26.62,0.02,0.03,0.01
5287,0.30,9.74,0.51,26.61,0.02,0.03,0.01
5304,0.30,9.74,0.50,26.63,0.03,0.03,0.01
5319,0.29,9.73,0.52,26.62,0.03,0.03,0.01
5336,0.29,9.73,0.48,26.63,0.03,0.03,0.01
5352,0.30,9.73,0.49,26.62,0.03,0.03,0.01
5367,0.30,9.71,0.49,26.62,0.03,0.03,0.01
5384,0.28,9.73,0.50,26.62,0.03,0.03,0.01
5399,0.30,9.73,0.49,26.64,0.03,0.03,0.01
5415,0.29,9.73,0.48,26.63,0.03,0.03,0.01
5431,0.31,9.73,0.51,26.64,0.02,0.03,0.01
5447,0.30,9.73,0.54,26.63,0.03,0.03,0.01
5463,0.29,9.73,0.51,26.63,0.03,0.03,0.01
5479,0.30,9.75,0.49,26.63,0.03,0.03,0.01
5494,0.30,9.73,0.48,26.62,0.03,0.02,0.01
5511,0.29,9.73,0.50,26.63,0.03,0.03,0.01
5526,0.28,9.73,0.51,26.62,0.03,0.03,0.01
5542,0.28,9.73,0.48,26.63,0.03,0.03,0.01
5558,0.30,9.73,0.47,26.63,0.03,0.03,0.01
5574,0.28,9.74,0.51,26.63,0.03,0.03,0.01
5590,0.30,9.73,0.50,26.65,0.02,0.03,0.01
5606,0.30,9.74,0.48,26.62,0.02,0.03,0.01
5621,0.28,9.73,0.48,26.62,0.02,0.03,0.01
5638,0.27,9.74,0.50,26.61,0.02,0.03,0.01
5653,0.28,9.72,0.49,26.61,0.02,0.03,0.01
5669,0.30,9.74,0.47,26.63,0.03,0.03,0.01
5685,0.31,9.74,0.49,26.64,0.03,0.03,0.01
5701,0.30,9.72,0.51,26.62,0.03,0.03,0.01
5718,0.28,9.74,0.48,26.62,0.03,0.03,0.01
5733,0.28,9.73,0.50,26.61,0.03,0.03,0.01
5749,0.27,9.74,0.49,26.62,0.03,0.03,0.01
5765,0.29,9.73,0.50,26.62,0.02,0.03,0.01
5781,0.30,9.71,0.44,26.62,0.02,0.03,0.01
5796,0.31,9.70,0.52,26.62,0.03,0.03,0.01
5813,0.30,9.72,0.49,26.62,0.03,0.03,0.01
5828,0.30,9.74,0.51,26.63,0.03,0.03,0.01
5844,0.29,9.72,0.49,26.64,0.03,0.03,0.01
5860,0.28,9.75,0.47,26.63,0.03,0.03,0.01
5876,0.29,9.74,0.45,26.63,0.03,0.03,0.01
5892,0.31,9.73,0.47,26.61,0.03,0.03,0.01
5908,0.28,9.72,0.49,26.62,0.03,0.03,0.01
5923,0.31,9.74,0.50,26.62,0.03,0.03,0.01
5940,0.30,9.74,0.51,26.62,0.02,0.03,0.01
5955,0.31,9.72,0.50,26.63,0.02,0.03,0.01
5971,0.31,9.73,0.50,26.63,0.02,0.03,0.01
5987,0.29,9.72,0.50,26.64,0.02,0.03,0.01
6003,0.31,9.70,0.52,26.62,0.02,0.03,0.01
6019,0.29,9.72,0.50,26.63,0.02,0.03,0.01
6035,0.30,9.74,0.51,26.60,0.03,0.03,0.01
6050,0.31,9.74,0.51,26.62,0.03,0.03,0.01
6067,0.30,9.74,0.51,26.62,0.03,0.03,0.01
6083,0.30,9.74,0.51,26.62,0.03,0.03,0.01
6098,0.31,9.74,0.51,26.62,0.02,0.03,0.01
6115,0.28,9.74,0.50,26.64,0.02,0.03,0.01
6130,0.29,9.73,0.50,26.63,0.02,0.03,0.01
6147,0.29,9.73,0.50,26.61,0.03,0.03,0.01
6162,0.30,9.72,0.49,26.61,0.03,0.03,0.01
6178,0.29,9.73,0.51,26.61,0.03,0.03,0.01
6194,0.29,9.72,0.50,26.62,0.03,0.03,0.01
6210,0.31,9.73,0.47,26.64,0.03,0.03,0.01
6225,0.28,9.72,0.51,26.63,0.03,0.03,0.01
6242,0.28,9.72,0.48,26.62,0.03,0.03,0.01
6257,0.29,9.73,0.53,26.62,0.03,0.03,0.01
6274,0.29,9.72,0.51,26.64,0.03,0.03,0.01
6289,0.28,9.73,0.51,26.62,0.03,0.03,0.01
6305,0.30,9.72,0.51,26.62,0.03,0.03,0.01
6321,0.29,9.72,0.48,26.63,0.02,0.03,0.01
6337,0.28,9.72,0.47,26.64,0.02,0.03,0.01
6352,0.30,9.73,0.47,26.62,0.02,0.03,0.01
6369,0.30,9.71,0.48,26.64,0.02,0.03,0.01
6384,0.30,9.72,0.51,26.64,0.02,0.03,0.01
6401,0.29,9.73,0.51,26.62,0.02,0.03,0.01
6416,0.28,9.75,0.52,26.64,0.02,0.03,0.01
6432,0.29,9.74,0.49,26.63,0.02,0.03,0.01
6449,0.30,9.72,0.47,26.62,0.02,0.03,0.01
6464,0.29,9.73,0.50,26.63,0.02,0.03,0.01
6480,0.29,9.73,0.48,26.63,0.02,0.03,0.01
6496,0.30,9.72,0.49,26.62,0.02,0.03,0.01
6512,0.29,9.73,0.49,26.62,0.03,0.03,0.01
6528,0.28,9.73,0.49,26.61,0.03,0.03,0.01
6544,0.31,9.72,0.48,26.63,0.03,0.03,0.01
6559,0.28,9.72,0.48,26.63,0.03,0.02,0.01
6576,0.30,9.72,0.51,26.62,0.03,0.03,0.01
6591,0.30,9.73,0.48,26.62,0.03,0.02,0.01
6607,0.30,9.73,0.54,26.62,0.03,0.02,0.01
6623,0.28,9.74,0.52,26.61,0.03,0.03,0.01
6639,0.29,9.71,0.50,26.62,0.03,0.03,0.01
6654,0.30,9.74,0.48,26.63,0.03,0.03,0.01
6671,0.30,9.73,0.50,26.62,0.03,0.03,0.01
6686,0.29,9.73,0.47,26.62,0.03,0.03,0.01
6703,0.30,9.74,0.50,26.62,0.03,0.03,0.01
6718,0.30,9.72,0.47,26.62,0.03,0.03,0.01
6734,0.30,9.74,0.50,26.61,0.03,0.03,0.01
6750,0.29,9.75,0.45,26.62,0.03,0.03,0.01
6766,0.29,9.74,0.50,26.60,0.03,0.03,0.01
6781,0.28,9.71,0.50,26.61,0.03,0.03,0.01
6798,0.31,9.73,0.50,26.62,0.03,0.03,0.01
6813,0.31,9.73,0.46,26.63,0.03,0.03,0.01
6830,0.31,9.73,0.47,26.62,0.03,0.03,0.01
6846,0.29,9.73,0.51,26.62,0.03,0.03,0.01
6861,0.30,9.73,0.49,26.62,0.03,0.03,0.01
6878,0.30,9.74,0.49,26.62,0.03,0.03,0.01
6893,0.29,9.73,0.52,26.62,0.03,0.03,0.01
6909,0.28,9.74,0.50,26.61,0.03,0.03,0.01
6925,0.28,9.75,0.47,26.60,0.03,0.03,0.01
6941,0.28,9.74,0.48,26.62,0.02,0.03,0.01
6957,0.30,9.73,0.49,26.61,0.02,0.03,0.01
6973,0.32,9.73,0.50,26.62,0.03,0.03,0.01
6988,0.31,9.73,0.48,26.62,0.03,0.03,0.01
7005,0.30,9.74,0.47,26.61,0.03,0.03,0.01
7020,0.30,9.71,0.48,26.62,0.03,0.03,0.01
7036,0.30,9.75,0.48,26.61,0.03,0.02,0.01
7052,0.31,9.74,0.46,26.63,0.03,0.03,0.01
7068,0.30,9.73,0.46,26.61,0.03,0.03,0.01
7084,0.31,9.73,0.51,26.62,0.03,0.03,0.01
7100,0.28,9.72,0.51,26.62,0.03,0.03,0.01
7115,0.29,9.73,0.51,26.61,0.03,0.03,0.01
7132,0.31,9.73,0.47,26.62,0.03,0.03,0.01
7147,0.30,9.73,0.49,26.61,0.03,0.03,0.01
7163,0.28,9.74,0.50,26.62,0.03,0.03,0.01
7180,0.27,9.73,0.47,26.61,0.03,0.03,0.01
7195,0.29,9.74,0.48,26.62,0.03,0.03,0.01
7212,0.29,9.71,0.48,26.62,0.03,0.03,0.01
7227,0.27,9.74,0.51,26.62,0.03,0.03,0.01
7243,0.28,9.74,0.50,26.61,0.03,0.03,0.01
7259,0.30,9.74,0.47,26.62,0.03,0.03,0.01
7275,0.29,9.73,0.49,26.62,0.03,0.03,0.01
7290,0.31,9.75,0.51,26.62,0.03,0.03,0.01
7307,0.30,9.75,0.48,26.62,0.03,0.03,0.01
7322,0.28,9.73,0.45,26.59,0.03,0.03,0.01
7339,0.30,9.73,0.50,26.63,0.03,0.03,0.01
7354,0.29,9.72,0.48,26.61,0.03,0.03,0.01
7370,0.30,9.73,0.44,26.64,0.03,0.03,0.01
7386,0.29,9.74,0.49,26.63,0.03,0.03,0.01
7402,0.30,9.74,0.48,26.63,0.03,0.03,0.01
7417,0.30,9.74,0.50,26.63,0.03,0.03,0.01
7434,0.31,9.73,0.48,26.61,0.03,0.03,0.01
7449,0.31,9.72,0.48,26.61,0.03,0.03,0.01
7465,0.30,9.74,0.53,26.61,0.03,0.03,0.01
7481,0.29,9.72,0.55,26.61,0.03,0.03,0.01
7497,0.30,9.71,0.47,26.62,0.03,0.03,0.01
7514,0.29,9.73,0.49,26.62,0.03,0.03,0.01
7529,0.28,9.74,0.48,26.62,0.02,0.03,0.01
7545,0.29,9.74,0.50,26.62,0.03,0.03,0.01
7561,0.29,9.73,0.49,26.62,0.03,0.03,0.01
7577,0.27,9.71,0.51,26.61,0.03,0.03,0.01
7592,0.28,9.74,0.51,26.62,0.03,0.03,0.01
7609,0.29,9.74,0.50,26.61,0.03,0.03,0.01
7624,0.29,9.73,0.50,26.62,0.03,0.03,0.01
7641,0.31,9.72,0.50,26.61,0.03,0.03,0.01
7656,0.28,9.72,0.48,26.62,0.03,0.03,0.01
7672,0.31,9.71,0.48,26.62,0.03,0.03,0.01
7688,0.31,9.73,0.53,26.64,0.03,0.03,0.01
7704,0.32,9.75,0.50,26.63,0.02,0.03,0.01
7719,0.28,9.73,0.50,26.64,0.03,0.03,0.01
7736,0.30,9.74,0.49,26.63,0.03,0.03,0.01
7751,0.29,9.72,0.51,26.61,0.03,0.03,0.01
7768,0.29,9.72,0.50,26.62,0.03,0.03,0.01
7783,0.32,9.72,0.50,26.60,0.03,0.03,0.01
7799,0.29,9.72,0.46,26.63,0.03,0.02,0.01
7815,0.27,9.72,0.45,26.61,0.03,0.03,0.01
7831,0.28,9.71,0.53,26.62,0.03,0.03,0.01
7847,0.29,9.73,0.52,26.62,0.03,0.03,0.01
7863,0.30,9.73,0.53,26.61,0.02,0.03,0.01
7879,0.28,9.74,0.50,26.63,0.03,0.03,0.01
7895,0.30,9.74,0.49,26.62,0.03,0.03,0.01
7911,0.30,9.73,0.52,26.62,0.03,0.03,0.01
7926,0.29,9.73,0.48,26.62,0.03,0.03,0.01
7943,0.31,9.73,0.45,26.63,0.02,0.03,0.01
7958,0.29,9.72,0.48,26.61,0.03,0.03,0.01
7974,0.31,9.73,0.48,26.62,0.03,0.03,0.01
7990,0.28,9.74,0.49,26.62,0.03,0.03,0.01
8006,0.30,9.71,0.49,26.63,0.03,0.03,0.01
8022,0.30,9.71,0.48,26.62,0.03,0.03,0.01
8038,0.30,9.74,0.49,26.62,0.03,0.03,0.01
8053,0.30,9.73,0.49,26.62,0.03,0.03,0.01
8070,0.28,9.73,0.48,26.63,0.03,0.03,0.01
8085,0.28,9.75,0.47,26.64,0.03,0.03,0.01
8101,0.30,9.73,0.46,26.62,0.03,0.03,0.01
8117,0.28,9.71,0.52,26.62,0.03,0.03,0.01
8133,0.30,9.73,0.48,26.62,0.03,0.03,0.01
8148,0.29,9.74,0.50,26.62,0.03,0.03,0.01
8165,0.29,9.74,0.51,26.63,0.03,0.03,0.01
8181,0.28,9.72,0.48,26.62,0.03,0.03,0.01
8197,0.29,9.72,0.47,26.62,0.03,0.03,0.01
8213,0.30,9.73,0.48,26.62,0.03,0.03,0.01
8228,0.31,9.74,0.52,26.61,0.03,0.03,0.01
8245,0.30,9.73,0.49,26.63,0.03,0.03,0.01
8260,0.29,9.74,0.51,26.61,0.03,0.03,0.01
8276,0.30,9.74,0.48,26.63,0.03,0.02,0.01
8292,0.30,9.73,0.48,26.62,0.03,0.03,0.01
8308,0.31,9.74,0.51,26.62,0.02,0.03,0.01
8324,0.29,9.74,0.50,26.62,0.03,0.03,0.01
8340,0.30,9.72,0.50,26.63,0.02,0.03,0.01
8355,0.30,9.72,0.49,26.62,0.03,0.03,0.01
8372,0.29,9.73,0.52,26.61,0.03,0.03,0.01
8387,0.28,9.73,0.48,26.60,0.03,0.03,0.01
8403,0.30,9.73,0.48,26.61,0.03,0.03,0.01
8419,0.28,9.73,0.49,26.62,0.03,0.03,0.01
8435,0.30,9.71,0.50,26.63,0.03,0.03,0.01
8451,0.28,9.72,0.48,26.64,0.03,0.03,0.01
8467,0.29,9.74,0.52,26.61,0.03,0.03,0.01
8482,0.31,9.73,0.51,26.62,0.03,0.03,0.01
8499,0.28,9.74,0.48,26.62,0.03,0.03,0.01
8514,0.30,9.74,0.52,26.63,0.03,0.03,0.01
8530,0.29,9.72,0.49,26.64,0.03,0.03,0.01
8547,0.29,9.74,0.48,26.63,0.03,0.03,0.01
8562,0.29,9.74,0.47,26.62,0.03,0.03,0.01
8579,0.31,9.73,0.48,26.63,0.03,0.02,0.01
8594,0.29,9.72,0.46,26.63,0.03,0.03,0.01
8610,0.29,9.75,0.46,26.64,0.03,0.03,0.01
8626,0.30,9.74,0.48,26.63,0.03,0.03,0.01
8642,0.31,9.73,0.48,26.64,0.02,0.03,0.01
8657,0.30,9.73,0.46,26.62,0.02,0.03,0.01
8674,0.30,9.73,0.51,26.62,0.03,0.03,0.01
8689,0.29,9.74,0.48,26.62,0.03,0.03,0.01
8706,0.30,9.72,0.53,26.64,0.03,0.03,0.01
8721,0.29,9.73,0.50,26.64,0.03,0.03,0.01
8737,0.28,9.72,0.51,26.63,0.03,0.02,0.01
8753,0.29,9.73,0.47,26.64,0.03,0.03,0.01
8769,0.29,9.72,0.48,26.62,0.03,0.03,0.01
8784,0.29,9.72,0.51,26.62,0.03,0.03,0.01
8801,0.31,9.74,0.49,26.61,0.03,0.03,0.01
8816,0.30,9.74,0.51,26.63,0.03,0.02,0.01
8833,0.28,9.72,0.48,26.62,0.03,0.03,0.01
8848,0.29,9.73,0.49,26.61,0.03,0.03,0.01
8864,0.28,9.73,0.51,26.61,0.03,0.03,0.01
8881,0.28,9.74,0.51,26.62,0.03,0.03,0.01
8896,0.30,9.74,0.50,26.63,0.03,0.03,0.01
8912,0.29,9.72,0.50,26.62,0.03,0.03,0.01
8928,0.27,9.72,0.51,26.63,0.03,0.03,0.01
8944,0.29,9.74,0.50,26.62,0.03,0.03,0.01
8960,0.29,9.72,0.50,26.64,0.03,0.03,0.01
8976,0.31,9.73,0.49,26.63,0.03,0.03,0.01
8991,0.32,9.74,0.49,26.63,0.03,0.03,0.01
9008,0.31,9.72,0.50,26.62,0.03,0.03,0.01
9023,0.29,9.71,0.48,26.62,0.03,0.03,0.01
9039,0.29,9.73,0.48,26.64,0.03,0.03,0.01
9055,0.30,9.74,0.46,26.63,0.03,0.03,0.01
9071,0.28,9.72,0.49,26.64,0.03,0.03,0.01
9086,0.31,9.74,0.48,26.63,0.03,0.03,0.01
9103,0.30,9.73,0.50,26.62,0.03,0.03,0.01
9118,0.28,9.72,0.48,26.64,0.02,0.03,0.01
9135,0.29,9.74,0.48,26.64,0.03,0.03,0.01
9150,0.31,9.72,0.50,26.62,0.02,0.03,0.01
9166,0.29,9.73,0.53,26.63,0.03,0.03,0.01
9182,0.29,9.73,0.49,26.62,0.03,0.03,0.01
9198,0.31,9.72,0.48,26.62,0.02,0.03,0.01
9214,0.30,9.73,0.51,26.62,0.03,0.03,0.01
9230,0.28,9.74,0.48,26.64,0.03,0.03,0.01
9246,0.29,9.73,0.48,26.64,0.03,0.03,0.01
9262,0.31,9.72,0.50,26.64,0.02,0.03,0.01
9278,0.30,9.74,0.48,26.64,0.03,0.03,0.01
9293,0.30,9.74,0.50,26.62,0.03,0.03,0.01
9310,0.30,9.73,0.52,26.64,0.03,0.02,0.01
9325,0.30,9.73,0.49,26.62,0.03,0.03,0.01
9341,0.32,9.73,0.49,26.62,0.03,0.03,0.01
9357,0.32,9.73,0.51,26.63,0.03,0.03,0.01
9373,0.28,9.73,0.50,26.64,0.03,0.03,0.01
9389,0.28,9.73,0.50,26.64,0.03,0.03,0.01
9405,0.30,9.74,0.50,26.62,0.03,0.03,0.01
9420,0.31,9.74,0.51,26.65,0.03,0.03,0.01
9437,0.29,9.72,0.52,26.62,0.03,0.02,0.01
9452,0.31,9.75,0.49,26.63,0.03,0.03,0.01
9468,0.31,9.72,0.50,26.64,0.03,0.03,0.01
9484,0.28,9.71,0.47,26.64,0.03,0.03,0.01
9500,0.30,9.75,0.54,26.64,0.02,0.03,0.01
9516,0.29,9.73,0.51,26.64,0.03,0.03,0.01
9532,0.29,9.73,0.50,26.64,0.03,0.03,0.01
9547,0.28,9.73,0.46,26.64,0.02,0.03,0.01
9564,0.31,9.73,0.50,26.62,0.03,0.03,0.01
9580,0.29,9.72,0.50,26.62,0.03,0.03,0.01
9595,0.30,9.73,0.49,26.64,0.03,0.03,0.01
9612,0.29,9.73,0.48,26.64,0.02,0.03,0.01
9627,0.28,9.72,0.51,26.66,0.03,0.03,0.01
9644,0.28,9.73,0.50,26.65,0.03,0.03,0.01
9659,0.29,9.71,0.48,26.64,0.03,0.03,0.01
9675,0.31,9.72,0.50,26.63,0.03,0.03,0.01
9691,0.31,9.72,0.51,26.63,0.03,0.02,0.01
9707,0.31,9.71,0.49,26.64,0.03,0.03,0.01
9722,0.30,9.73,0.48,26.63,0.03,0.03,0.01
9739,0.29,9.72,0.46,26.63,0.03,0.03,0.01
9754,0.29,9.75,0.49,26.64,0.03,0.03,0.01
9771,0.29,9.73,0.50,26.62,0.02,0.03,0.01
9786,0.29,9.73,0.52,26.64,0.02,0.03,0.01
9802,0.28,9.72,0.52,26.62,0.03,0.03,0.01
9818,0.29,9.73,0.52,26.64,0.03,0.02,0.01
9834,0.30,9.71,0.49,26.64,0.03,0.03,0.01
9849,0.31,9.72,0.50,26.65,0.03,0.03,0.01
9866,0.28,9.74,0.49,26.64,0.03,0.03,0.01
9881,0.29,9.73,0.51,26.64,0.03,0.03,0.01
9897,0.27,9.71,0.47,26.65,0.02,0.03,0.01
9914,0.29,9.73,0.48,26.62,0.02,0.03,0.01
9929,0.30,9.75,0.53,26.64,0.02,0.03,0.01
9946,0.29,9.74,0.53,26.62,0.02,0.03,0.01
9961,0.30,9.72,0.53,26.64,0.03,0.03,0.01
9977,0.30,9.73,0.49,26.64,0.03,0.03,0.01
9993,0.29,9.72,0.51,26.64,0.03,0.03,0.01
10009,0.30,9.73,0.46,26.63,0.03,0.03,0.01
10024,0.29,9.74,0.49,26.63,0.03,0.03,0.01
10041,0.28,9.72,0.49,26.62,0.03,0.03,0.01
10056,0.31,9.73,0.52,26.64,0.03,0.03,0.01
10073,0.29,9.73,0.45,26.64,0.03,0.03,0.01
10089,0.28,9.74,0.46,26.62,0.03,0.03,0.01
10104,0.31,9.73,0.54,26.63,0.03,0.03,0.01
10121,0.28,9.74,0.48,26.63,0.02,0.03,0.01
10136,0.29,9.75,0.53,26.64,0.03,0.03,0.01
10152,0.30,9.72,0.47,26.64,0.03,0.03,0.01
10168,0.31,9.74,0.54,26.64,0.02,0.03,0.01
10184,0.31,9.73,0.50,26.64,0.03,0.03,0.01
10200,0.29,9.73,0.49,26.63,0.02,0.03,0.01
10216,0.28,9.73,0.50,26.63,0.03,0.03,0.01
10232,0.28,9.72,0.46,26.62,0.03,0.03,0.01
10248,0.30,9.75,0.48,26.64,0.03,0.03,0.01
10264,0.29,9.74,0.54,26.63,0.03,0.03,0.01
10279,0.29,9.72,0.48,26.64,0.03,0.02,0.01
10296,0.29,9.74,0.51,26.64,0.03,0.03,0.01
10311,0.28,9.72,0.50,26.64,0.03,0.03,0.01
10328,0.31,9.72,0.48,26.64,0.03,0.03,0.01
10344,0.30,9.74,0.51,26.64,0.03,0.03,0.01
10359,0.30,9.74,0.51,26.65,0.02,0.03,0.01
10376,0.30,9.74,0.51,26.63,0.03,0.03,0.01
10391,0.30,9.74,0.47,26.63,0.03,0.03,0.01
10407,0.30,9.73,0.50,26.63,0.03,0.03,0.01
10423,0.31,9.73,0.49,26.64,0.03,0.03,0.01
10439,0.28,9.73,0.47,26.61,0.03,0.03,0.01
10456,0.30,9.73,0.50,26.62,0.03,0.03,0.01
10471,0.31,9.74,0.50,26.64,0.03,0.03,0.01
10487,0.30,9.75,0.49,26.63,0.03,0.03,0.01
10503,0.29,9.72,0.50,26.65,0.03,0.02,0.01
10519,0.29,9.72,0.47,26.64,0.03,0.03,0.01
10534,0.31,9.73,0.50,26.64,0.03,0.02,0.01
10551,0.28,9.74,0.54,26.64,0.03,0.03,0.01
10566,0.29,9.71,0.50,26.64,0.03,0.03,0.01
10583,0.28,9.72,0.49,26.64,0.03,0.03,0.01
10599,0.29,9.73,0.50,26.64,0.03,0.03,0.01
10614,0.30,9.73,0.50,26.64,0.03,0.03,0.01
10631,0.30,9.72,0.51,26.63,0.03,0.03,0.01
10646,0.30,9.73,0.50,26.62,0.03,0.03,0.01
10662,0.31,9.73,0.48,26.62,0.03,0.03,0.01
10678,0.31,9.71,0.47,26.64,0.03,0.03,0.01
10694,0.29,9.72,0.48,26.64,0.03,0.03,0.01
10711,0.31,9.75,0.49,26.62,0.02,0.03,0.01
10726,0.31,9.73,0.52,26.64,0.03,0.03,0.01
10742,0.31,9.74,0.50,26.64,0.03,0.03,0.01
10758,0.28,9.74,0.53,26.64,0.03,0.03,0.01
10774,0.28,9.73,0.47,26.64,0.03,0.03,0.01
10789,0.30,9.73,0.48,26.65,0.03,0.03,0.01
10806,0.29,9.73,0.48,26.66,0.03,0.03,0.01
10822,0.29,9.74,0.52,26.64,0.03,0.02,0.01
10838,0.29,9.74,0.51,26.63,0.03,0.03,0.01
10854,0.31,9.73,0.44,26.62,0.03,0.03,0.01
10869,0.31,9.72,0.45,26.63,0.03,0.03,0.01
10886,0.29,9.73,0.51,26.62,0.03,0.03,0.01
10901,0.29,9.73,0.54,26.64,0.02,0.03,0.01
10917,0.30,9.73,0.52,26.63,0.03,0.03,0.01
10934,0.29,9.74,0.48,26.64,0.03,0.03,0.01
10949,0.31,9.74,0.52,26.64,0.03,0.02,0.01
10966,0.30,9.74,0.50,26.64,0.03,0.02,0.01
10981,0.29,9.74,0.50,26.65,0.03,0.02,0.01
10997,0.30,9.74,0.48,26.64,0.03,0.02,0.01
11013,0.31,9.71,0.49,26.65,0.03,0.03,0.01
11029,0.30,9.73,0.52,26.64,0.02,0.03,0.01
11044,0.30,9.72,0.49,26.64,0.03,0.03,0.01
11061,0.28,9.72,0.50,26.62,0.03,0.03,0.01
11077,0.27,9.74,0.49,26.64,0.03,0.03,0.01
11092,0.29,9.73,0.51,26.64,0.03,0.03,0.01
11109,0.28,9.73,0.51,26.63,0.03,0.03,0.01
11124,0.28,9.73,0.47,26.63,0.03,0.03,0.01
11141,0.29,9.75,0.48,26.63,0.03,0.03,0.01
11156,0.29,9.72,0.48,26.63,0.03,0.03,0.01
11172,0.28,9.72,0.48,26.62,0.02,0.03,0.01
11189,0.30,9.74,0.50,26.62,0.02,0.03,0.01
11204,0.28,9.71,0.50,26.63,0.02,0.03,0.01
11220,0.29,9.74,0.52,26.64,0.02,0.03,0.01
11236,0.29,9.73,0.51,26.64,0.02,0.03,0.01
11252,0.29,9.73,0.50,26.63,0.02,0.03,0.01
11268,0.29,9.74,0.49,26.61,0.02,0.03,0.01
11284,0.27,9.74,0.50,26.62,0.02,0.03,0.01
11299,0.30,9.73,0.48,26.64,0.02,0.03,0.01
11316,0.30,9.73,0.52,26.63,0.02,0.03,0.01
11332,0.31,9.71,0.53,26.62,0.03,0.03,0.01
11347,0.29,9.73,0.51,26.62,0.03,0.03,0.01
11364,0.30,9.72,0.49,26.63,0.03,0.02,0.01
11379,0.29,9.72,0.51,26.65,0.03,0.02,0.01
11396,0.30,9.73,0.49,26.62,0.03,0.02,0.01
11411,0.28,9.72,0.48,26.63,0.03,0.02,0.01
11427,0.27,9.73,0.47,26.63,0.03,0.02,0.01
11444,0.30,9.73,0.48,26.64,0.03,0.03,0.01
11459,0.31,9.72,0.48,26.65,0.03,0.03,0.01
11475,0.31,9.73,0.48,26.64,0.03,0.03,0.01
11491,0.30,9.73,0.51,26.64,0.03,0.03,0.01
11507,0.28,9.73,0.51,26.65,0.03,0.02,0.01
11523,0.31,9.73,0.46,26.63,0.03,0.03,0.01
11539,0.29,9.74,0.52,26.63,0.03,0.03,0.01
11555,0.30,9.73,0.49,26.62,0.03,0.03,0.01
11571,0.28,9.72,0.50,26.64,0.03,0.03,0.01
11587,0.29,9.74,0.50,26.63,0.03,0.03,0.01
11602,0.29,9.73,0.49,26.64,0.03,0.03,0.01
11619,0.29,9.76,0.50,26.65,0.03,0.03,0.01
11634,0.30,9.73,0.49,26.65,0.03,0.03,0.01
11651,0.29,9.74,0.50,26.65,0.03,0.03,0.01
11667,0.28,9.73,0.46,26.65,0.03,0.03,0.01
11682,0.30,9.72,0.47,26.66,0.03,0.02,0.01
11699,0.29,9.72,0.48,26.64,0.03,0.03,0.01
11714,0.30,9.73,0.48,26.65,0.02,0.03,0.01
11730,0.28,9.71,0.51,26.65,0.02,0.03,0.01
11746,0.29,9.74,0.50,26.63,0.02,0.03,0.01
11762,0.31,9.73,0.54,26.64,0.02,0.03,0.01
11778,0.28,9.72,0.50,26.64,0.03,0.02,0.01
11794,0.29,9.74,0.51,26.63,0.03,0.02,0.01
11810,0.30,9.74,0.50,26.65,0.03,0.03,0.01
11826,0.30,9.73,0.47,26.65,0.03,0.03,0.01
11842,0.29,9.72,0.46,26.66,0.03,0.03,0.01
11857,0.30,9.74,0.47,26.64,0.03,0.03,0.01
11874,0.30,9.74,0.52,26.64,0.02,0.03,0.01
11889,0.30,9.74,0.47,26.65,0.03,0.03,0.01
11906,0.27,9.73,0.46,26.63,0.03,0.03,0.01
11922,0.28,9.73,0.50,26.63,0.03,0.03,0.01
11937,0.29,9.73,0.49,26.64,0.03,0.03,0.01
11954,0.29,9.72,0.51,26.65,0.03,0.03,0.01
11969,0.31,9.72,0.50,26.63,0.03,0.03,0.01
11985,0.31,9.74,0.48,26.63,0.03,0.03,0.01
12001,0.32,9.73,0.52,26.64,0.03,0.03,0.01
12017,0.29,9.74,0.50,26.64,0.03,0.03,0.01
12034,0.29,9.72,0.51,26.64,0.03,0.02,0.01
12049,0.29,9.73,0.50,26.63,0.03,0.03,0.01
12065,0.29,9.72,0.49,26.63,0.03,0.03,0.01
12081,0.30,9.73,0.53,26.63,0.03,0.03,0.01
12097,0.30,9.73,0.50,26.64,0.03,0.03,0.01
12112,0.29,9.73,0.48,26.64,0.03,0.03,0.01
12129,0.30,9.72,0.52,26.64,0.03,0.03,0.01
12144,0.30,9.72,0.49,26.64,0.02,0.03,0.01
12161,0.28,9.73,0.51,26.63,0.02,0.02,0.01
12177,0.30,9.72,0.50,26.63,0.03,0.03,0.01
12192,0.29,9.73,0.49,26.65,0.03,0.03,0.01
12209,0.28,9.74,0.53,26.64,0.03,0.03,0.01
12224,0.27,9.72,0.47,26.63,0.02,0.03,0.01
12240,0.28,9.73,0.52,26.64,0.03,0.03,0.01
12256,0.28,9.72,0.47,26.63,0.03,0.03,0.01
12272,0.30,9.74,0.48,26.64,0.03,0.03,0.01
12289,0.33,9.72,0.46,26.65,0.02,0.03,0.01
12304,0.29,9.72,0.51,26.65,0.02,0.03,0.01
12320,0.29,9.73,0.54,26.64,0.03,0.03,0.01
12336,0.29,9.73,0.52,26.65,0.03,0.03,0.01
12352,0.31,9.74,0.46,26.65,0.03,0.02,0.01
12367,0.31,9.72,0.49,26.65,0.03,0.02,0.01
12384,0.30,9.73,0.48,26.64,0.03,0.03,0.01
12400,0.29,9.74,0.47,26.64,0.03,0.03,0.01
12416,0.29,9.73,0.51,26.62,0.02,0.03,0.01
12432,0.31,9.71,0.47,26.63,0.02,0.03,0.01
12447,0.31,9.73,0.49,26.63,0.03,0.03,0.01
12464,0.29,9.72,0.51,26.63,0.02,0.03,0.01
12479,0.30,9.74,0.52,26.65,0.03,0.02,0.01
12495,0.30,9.73,0.50,26.64,0.03,0.02,0.01
12512,0.30,9.73,0.48,26.62,0.03,0.02,0.01
12527,0.29,9.72,0.49,26.64,0.03,0.02,0.01
12544,0.31,9.73,0.50,26.63,0.03,0.03,0.01
12559,0.30,9.73,0.47,26.64,0.03,0.03,0.01
12575,0.27,9.74,0.48,26.62,0.03,0.03,0.01
12591,0.28,9.74,0.47,26.64,0.03,0.03,0.01
12607,0.30,9.73,0.51,26.64,0.02,0.03,0.01
12622,0.28,9.73,0.51,26.63,0.02,0.03,0.01
12639,0.30,9.73,0.48,26.64,0.02,0.03,0.01
12655,0.27,9.74,0.51,26.63,0.02,0.03,0.01
12670,0.29,9.73,0.47,26.65,0.03,0.03,0.01
12687,0.28,9.74,0.45,26.65,0.03,0.03,0.01
12702,0.28,9.73,0.51,26.64,0.03,0.02,0.01
12719,0.29,9.72,0.49,26.63,0.03,0.03,0.01
12734,0.31,9.73,0.48,26.64,0.03,0.03,0.01
12750,0.29,9.74,0.51,26.64,0.03,0.03,0.01
12767,0.30,9.74,0.49,26.64,0.03,0.03,0.01
12782,0.31,9.74,0.49,26.64,0.03,0.03,0.01
12798,0.29,9.72,0.53,26.63,0.03,0.03,0.01
12814,0.33,9.73,0.52,26.63,0.02,0.03,0.01
12830,0.30,9.74,0.50,26.63,0.03,0.03,0.01
12846,0.31,9.72,0.51,26.64,0.02,0.03,0.01
12862,0.31,9.74,0.51,26.64,0.02,0.03,0.01
12878,0.28,9.73,0.50,26.65,0.03,0.03,0.01
12894,0.29,9.72,0.49,26.63,0.03,0.02,0.01
12910,0.29,9.74,0.51,26.65,0.03,0.03,0.01
12925,0.29,9.74,0.54,26.66,0.03,0.03,0.01
12942,0.30,9.73,0.51,26.66,0.03,0.03,0.01
12957,0.30,9.74,0.47,26.65,0.03,0.03,0.01
12974,0.30,9.73,0.47,26.64,0.03,0.03,0.01
12989,0.31,9.71,0.46,26.66,0.03,0.03,0.01
13005,0.29,9.74,0.47,26.65,0.02,0.03,0.01
13022,0.31,9.73,0.48,26.65,0.02,0.03,0.01
13037,0.29,9.73,0.48,26.65,0.02,0.03,0.01
13053,0.31,9.72,0.48,26.65,0.03,0.02,0.01
13069,0.29,9.73,0.49,26.64,0.03,0.03,0.01
13085,0.30,9.72,0.49,26.66,0.03,0.03,0.01
13101,0.30,9.72,0.48,26.64,0.03,0.03,0.01
13117,0.29,9.73,0.46,26.64,0.03,0.03,0.01
13133,0.29,9.74,0.52,26.64,0.03,0.03,0.01
13149,0.28,9.74,0.50,26.66,0.03,0.03,0.01
13165,0.30,9.73,0.49,26.66,0.03,0.03,0.01
13180,0.30,9.73,0.50,26.64,0.03,0.03,0.01
13197,0.28,9.72,0.50,26.65,0.03,0.03,0.01
13212,0.30,9.73,0.50,26.65,0.02,0.03,0.01
13229,0.30,9.72,0.48,26.66,0.02,0.03,0.01
13245,0.29,9.74,0.48,26.67,0.02,0.03,0.01
13260,0.30,9.73,0.51,26.65,0.03,0.03,0.01
13277,0.29,9.72,0.51,26.65,0.03,0.03,0.01
13292,0.30,9.73,0.49,26.66,0.03,0.03,0.01
13308,0.32,9.73,0.50,26.66,0.03,0.03,0.01
13324,0.30,9.73,0.47,26.63,0.03,0.03,0.01
13340,0.31,9.71,0.45,26.67,0.03,0.03,0.01
13356,0.29,9.72,0.50,26.65,0.03,0.03,0.01
13372,0.29,9.72,0.52,26.66,0.02,0.03,0.01
13388,0.26,9.72,0.49,26.67,0.02,0.03,0.01
13404,0.29,9.74,0.51,26.65,0.03,0.03,0.01
13420,0.31,9.74,0.50,26.64,0.03,0.03,0.01
13435,0.30,9.73,0.48,26.65,0.03,0.03,0.01
13452,0.29,9.74,0.51,26.65,0.03,0.03,0.01
13467,0.29,9.74,0.49,26.65,0.03,0.03,0.01
13484,0.29,9.74,0.54,26.66,0.03,0.03,0.01
13500,0.30,9.73,0.45,26.64,0.03,0.03,0.01
13515,0.29,9.74,0.50,26.65,0.03,0.03,0.01
13532,0.29,9.73,0.47,26.65,0.03,0.03,0.01
13547,0.28,9.71,0.47,26.64,0.03,0.03,0.01
13563,0.29,9.74,0.51,26.65,0.02,0.03,0.01
13579,0.29,9.75,0.48,26.64,0.02,0.03,0.01
13595,0.30,9.74,0.49,26.66,0.03,0.03,0.01
13612,0.30,9.73,0.54,26.65,0.03,0.03,0.01
13627,0.29,9.74,0.50,26.64,0.03,0.03,0.01
13643,0.30,9.72,0.51,26.63,0.03,0.03,0.01
13659,0.28,9.74,0.48,26.64,0.03,0.03,0.01
13675,0.28,9.73,0.51,26.65,0.02,0.03,0.01
13690,0.30,9.74,0.47,26.64,0.02,0.03,0.01
13707,0.30,9.75,0.51,26.63,0.02,0.03,0.01
13722,0.28,9.75,0.52,26.64,0.03,0.03,0.01
13739,0.29,9.74,0.49,26.64,0.03,0.03,0.01
13755,0.29,9.75,0.48,26.64,0.03,0.02,0.01
13770,0.30,9.72,0.49,26.64,0.03,0.03,0.01
13787,0.32,9.72,0.48,26.63,0.03,0.03,0.01
13802,0.30,9.73,0.50,26.64,0.03,0.03,0.01
13818,0.30,9.74,0.49,26.64,0.02,0.03,0.01
13834,0.28,9.73,0.51,26.65,0.02,0.03,0.01
13850,0.30,9.73,0.49,26.64,0.02,0.03,0.01
13867,0.30,9.72,0.49,26.64,0.02,0.03,0.01
13882,0.31,9.74,0.50,26.64,0.03,0.02,0.01
13898,0.33,9.74,0.54,26.65,0.03,0.02,0.01
13914,0.29,9.73,0.53,26.64,0.03,0.03,0.01
13930,0.28,9.73,0.49,26.64,0.03,0.03,0.01
13945,0.28,9.72,0.48,26.64,0.02,0.03,0.01
13962,0.29,9.75,0.51,26.64,0.02,0.03,0.01
13977,0.30,9.73,0.48,26.64,0.02,0.03,0.01
13993,0.31,9.71,0.47,26.64,0.02,0.03,0.01
14010,0.29,9.74,0.50,26.65,0.02,0.03,0.01
14025,0.31,9.73,0.48,26.65,0.03,0.03,0.01
14042,0.27,9.72,0.51,26.63,0.03,0.03,0.01
14057,0.29,9.74,0.49,26.64,0.03,0.03,0.01
14073,0.29,9.73,0.49,26.64,0.03,0.03,0.01
14089,0.30,9.74,0.49,26.64,0.03,0.03,0.01
14105,0.31,9.71,0.50,26.64,0.03,0.03,0.01
14121,0.30,9.73,0.47,26.64,0.03,0.03,0.01
14137,0.28,9.73,0.46,26.64,0.03,0.03,0.01
14153,0.29,9.73,0.49,26.64,0.03,0.03,0.01
14169,0.30,9.74,0.51,26.65,0.03,0.03,0.01
14185,0.29,9.75,0.52,26.65,0.03,0.03,0.01
14200,0.28,9.75,0.50,26.64,0.02,0.03,0.01
14217,0.29,9.73,0.47,26.65,0.03,0.03,0.01
14233,0.30,9.72,0.50,26.63,0.03,0.03,0.01
14248,0.31,9.72,0.52,26.64,0.03,0.03,0.01
14265,0.28,9.72,0.48,26.64,0.03,0.03,0.01
14280,0.29,9.74,0.48,26.64,0.03,0.03,0.01
14297,0.29,9.74,0.52,26.65,0.03,0.03,0.01
14312,0.31,9.74,0.50,26.65,0.03,0.03,0.01
14328,0.30,9.73,0.52,26.65,0.03,0.03,0.01
14344,0.28,9.74,0.50,26.67,0.03,0.03,0.01
14360,0.31,9.74,0.51,26.65,0.03,0.03,0.01
14376,0.30,9.72,0.48,26.63,0.03,0.03,0.01
14392,0.31,9.74,0.49,26.65,0.03,0.03,0.01
14408,0.29,9.73,0.47,26.64,0.03,0.03,0.01
14424,0.31,9.74,0.50,26.67,0.03,0.03,0.01
14440,0.29,9.72,0.51,26.64,0.03,0.03,0.01
14455,0.31,9.72,0.46,26.66,0.03,0.03,0.01
14472,0.30,9.73,0.50,26.64,0.03,0.03,0.01
14488,0.28,9.72,0.47,26.65,0.03,0.03,0.01
14503,0.29,9.71,0.49,26.64,0.03,0.02,0.01
14520,0.30,9.73,0.48,26.65,0.03,0.03,0.01
14535,0.32,9.72,0.46,26.65,0.03,0.03,0.01
14552,0.30,9.72,0.49,26.65,0.02,0.03,0.01
14567,0.31,9.73,0.50,26.66,0.02,0.03,0.01
14583,0.30,9.73,0.54,26.66,0.03,0.03,0.01
14600,0.29,9.73,0.51,26.67,0.03,0.03,0.01
14615,0.29,9.73,0.49,26.65,0.03,0.03,0.01
14631,0.28,9.73,0.49,26.65,0.03,0.03,0.01
14647,0.30,9.74,0.48,26.65,0.03,0.03,0.01
14663,0.29,9.73,0.50,26.66,0.03,0.03,0.01
14679,0.29,9.73,0.48,26.65,0.02,0.03,0.01
14695,0.29,9.74,0.51,26.65,0.02,0.03,0.01
14710,0.28,9.72,0.51,26.64,0.02,0.02,0.01
14727,0.30,9.73,0.50,26.65,0.02,0.03,0.01
14743,0.28,9.74,0.51,26.64,0.03,0.03,0.01
14758,0.30,9.73,0.48,26.66,0.03,0.03,0.01
14775,0.29,9.74,0.49,26.64,0.03,0.03,0.01
14790,0.29,9.75,0.50,26.66,0.02,0.03,0.01
14807,0.29,9.75,0.51,26.65,0.03,0.03,0.01
14822,0.29,9.72,0.54,26.64,0.03,0.03,0.01
14838,0.28,9.73,0.48,26.67,0.03,0.03,0.01
14855,0.30,9.74,0.47,26.66,0.03,0.03,0.01
14870,0.30,9.74,0.47,26.64,0.03,0.03,0.01
14886,0.29,9.74,0.48,26.64,0.03,0.03,0.01
14902,0.29,9.73,0.47,26.67,0.03,0.03,0.01
14918,0.30,9.74,0.50,26.66,0.03,0.02,0.01
14934,0.29,9.71,0.47,26.64,0.03,0.03,0.01
14950,0.29,9.73,0.50,26.65,0.03,0.03,0.01
14966,0.30,9.71,0.50,26.65,0.03,0.03,0.01
14982,0.29,9.74,0.49,26.65,0.03,0.02,0.01
14998,0.30,9.74,0.48,26.64,0.03,0.03,0.01
15013,0.30,9.73,0.47,26.65,0.03,0.03,0.01
15030,0.30,9.74,0.49,26.66,0.03,0.03,0.01
15045,0.29,9.73,0.49,26.67,0.03,0.03,0.01
15062,0.28,9.72,0.53,26.64,0.03,0.03,0.01
15077,0.31,9.72,0.49,26.66,0.03,0.03,0.01
15093,0.29,9.74,0.50,26.66,0.03,0.03,0.01
15110,0.28,9.76,0.50,26.65,0.03,0.02,0.01
15125,0.30,9.72,0.49,26.65,0.03,0.03,0.01
15141,0.31,9.72,0.49,26.66,0.03,0.03,0.01
15157,0.30,9.75,0.51,26.66,0.03,0.03,0.01
15173,0.30,9.74,0.47,26.68,0.03,0.03,0.01
15188,0.29,9.73,0.49,26.67,0.03,0.03,0.01
15205,0.30,9.73,0.49,26.65,0.03,0.03,0.01
15221,0.30,9.74,0.49,26.67,0.03,0.02,0.01
15237,0.29,9.73,0.45,26.66,0.03,0.03,0.01
15253,0.30,9.75,0.49,26.65,0.03,0.03,0.01
15268,0.26,9.73,0.49,26.67,0.03,0.03,0.01
15285,0.29,9.73,0.45,26.66,0.03,0.03,0.01
15300,0.29,9.73,0.48,26.65,0.03,0.03,0.01
15316,0.30,9.71,0.46,26.67,0.03,0.03,0.01
15333,0.29,9.74,0.47,26.66,0.03,0.03,0.01
15348,0.28,9.73,0.48,26.67,0.03,0.03,0.01
15365,0.31,9.73,0.48,26.66,0.03,0.03,0.01
15380,0.30,9.75,0.47,26.67,0.03,0.03,0.01
15396,0.32,9.72,0.48,26.67,0.03,0.03,0.01
15412,0.30,9.73,0.51,26.67,0.03,0.03,0.01
15428,0.29,9.75,0.46,26.66,0.03,0.03,0.01
15443,0.30,9.73,0.52,26.66,0.03,0.03,0.01
15460,0.30,9.74,0.50,26.67,0.03,0.03,0.01
15476,0.27,9.72,0.49,26.67,0.03,0.03,0.01
15492,0.28,9.72,0.48,26.68,0.02,0.03,0.01
15508,0.28,9.73,0.50,26.67,0.03,0.03,0.01
15523,0.30,9.74,0.52,26.69,0.03,0.03,0.01
15540,0.28,9.72,0.46,26.68,0.03,0.03,0.01
15555,0.29,9.72,0.46,26.68,0.03,0.03,0.01
15571,0.30,9.72,0.51,26.69,0.03,0.03,0.01
15588,0.29,9.73,0.49,26.68,0.03,0.02,0.01
15603,0.30,9.74,0.49,26.66,0.03,0.03,0.01
15620,0.29,9.72,0.46,26.68,0.03,0.03,0.01
15635,0.28,9.72,0.48,26.67,0.03,0.03,0.01
15651,0.30,9.73,0.51,26.66,0.03,0.03,0.01
15667,0.31,9.73,0.47,26.67,0.03,0.03,0.01
15683,0.29,9.73,0.43,26.66,0.03,0.03,0.01
15699,0.28,9.72,0.49,26.67,0.03,0.03,0.01
15715,0.30,9.73,0.53,26.66,0.03,0.03,0.01
15731,0.30,9.76,0.51,26.66,0.02,0.03,0.01
15747,0.29,9.73,0.50,26.66,0.03,0.03,0.01
15763,0.30,9.73,0.50,26.68,0.03,0.03,0.01
15778,0.29,9.74,0.46,26.68,0.02,0.03,0.01
15795,0.29,9.74,0.51,26.69,0.03,0.03,0.01
15811,0.30,9.72,0.50,26.67,0.02,0.03,0.01
15826,0.30,9.73,0.48,26.67,0.03,0.03,0.01
15843,0.29,9.73,0.49,26.67,0.02,0.03,0.01
15858,0.31,9.74,0.50,26.66,0.02,0.03,0.01
15875,0.29,9.72,0.51,26.67,0.03,0.03,0.01
15890,0.28,9.73,0.51,26.66,0.03,0.03,0.01
15906,0.28,9.75,0.50,26.65,0.03,0.03,0.01
15922,0.29,9.73,0.51,26.65,0.03,0.03,0.01
15938,0.29,9.73,0.51,26.66,0.03,0.03,0.01
15954,0.30,9.72,0.50,26.66,0.03,0.02,0.01
15970,0.29,9.74,0.49,26.66,0.03,0.02,0.01
15986,0.30,9.74,0.49,26.66,0.03,0.03,0.01
16002,0.30,9.74,0.47,26.68,0.03,0.02,0.01
16018,0.30,9.74,0.45,26.69,0.03,0.03,0.01
16033,0.28,9.73,0.49,26.67,0.03,0.03,0.01
16050,0.29,9.72,0.49,26.68,0.03,0.03,0.01
16066,0.31,9.72,0.52,26.67,0.03,0.03,0.01
16081,0.29,9.71,0.51,26.68,0.03,0.03,0.01
16098,0.29,9.72,0.51,26.67,0.03,0.03,0.01
16113,0.29,9.75,0.50,26.68,0.03,0.03,0.01
16130,0.30,9.75,0.51,26.68,0.03,0.03,0.01
16145,0.30,9.75,0.50,26.69,0.03,0.03,0.01
16161,0.29,9.75,0.51,26.68,0.02,0.03,0.01
16178,0.29,9.72,0.51,26.68,0.03,0.03,0.01
16193,0.31,9.72,0.48,26.67,0.03,0.03,0.01
16209,0.30,9.73,0.53,26.68,0.03,0.03,0.01
16225,0.27,9.73,0.54,26.67,0.03,0.03,0.01
16241,0.28,9.73,0.49,26.65,0.03,0.03,0.01
16257,0.30,9.70,0.48,26.67,0.03,0.03,0.01
16273,0.30,9.73,0.50,26.66,0.03,0.03,0.01
16288,0.29,9.72,0.48,26.68,0.03,0.03,0.01
16305,0.30,9.75,0.48,26.67,0.03,0.03,0.01
16321,0.30,9.75,0.46,26.67,0.03,0.03,0.01
16336,0.31,9.74,0.46,26.68,0.03,0.03,0.01
16353,0.30,9.74,0.50,26.68,0.03,0.03,0.01
16368,0.29,9.73,0.49,26.68,0.03,0.03,0.01
16385,0.29,9.73,0.49,26.69,0.03,0.03,0.01
16400,0.30,9.73,0.48,26.67,0.03,0.03,0.01
16416,0.29,9.74,0.46,26.69,0.03,0.03,0.01
16433,0.29,9.73,0.50,26.68,0.03,0.03,0.01
16448,0.30,9.75,0.49,26.66,0.03,0.03,0.01
16464,0.30,9.75,0.50,26.68,0.03,0.03,0.01
16480,0.28,9.72,0.48,26.68,0.03,0.03,0.01
16496,0.29,9.75,0.49,26.68,0.03,0.03,0.01
16512,0.29,9.74,0.50,26.68,0.03,0.03,0.01
16528,0.31,9.72,0.48,26.68,0.03,0.03,0.01
16543,0.29,9.75,0.48,26.67,0.03,0.03,0.01
16560,0.28,9.73,0.50,26.67,0.03,0.03,0.01
16576,0.31,9.73,0.49,26.68,0.03,0.03,0.01
16591,0.31,9.73,0.49,26.67,0.03,0.03,0.01
16608,0.30,9.73,0.49,26.68,0.03,0.03,0.01
16623,0.28,9.73,0.52,26.69,0.03,0.02,0.01
16640,0.28,9.73,0.51,26.69,0.03,0.03,0.01
16655,0.27,9.73,0.54,26.67,0.03,0.03,0.01
16671,0.28,9.73,0.51,26.67,0.02,0.03,0.01
16688,0.28,9.72,0.50,26.67,0.03,0.03,0.01
16703,0.31,9.74,0.50,26.67,0.03,0.03,0.01
16719,0.29,9.72,0.51,26.68,0.03,0.03,0.01
16735,0.28,9.72,0.52,26.69,0.03,0.03,0.01
16751,0.30,9.73,0.51,26.66,0.03,0.03,0.01
16766,0.30,9.74,0.49,26.67,0.03,0.03,0.01
16783,0.31,9.74,0.50,26.68,0.03,0.03,0.01
16799,0.28,9.73,0.51,26.69,0.03,0.03,0.01
16815,0.29,9.72,0.50,26.68,0.03,0.03,0.01
16831,0.30,9.74,0.47,26.70,0.03,0.03,0.01
16846,0.28,9.73,0.49,26.69,0.03,0.03,0.01
16863,0.30,9.73,0.49,26.68,0.02,0.03,0.01
16878,0.30,9.75,0.45,26.68,0.03,0.03,0.01
16894,0.28,9.74,0.45,26.66,0.03,0.03,0.01
16911,0.30,9.75,0.50,26.67,0.03,0.03,0.01
16926,0.28,9.72,0.47,26.67,0.03,0.03,0.01
16943,0.28,9.74,0.49,26.68,0.02,0.03,0.01
16958,0.28,9.73,0.51,26.67,0.03,0.03,0.01
16974,0.29,9.73,0.50,26.67,0.03,0.03,0.01
16990,0.30,9.70,0.50,26.68,0.03,0.03,0.01
17006,0.28,9.73,0.49,26.69,0.03,0.03,0.01
17021,0.31,9.71,0.48,26.67,0.03,0.03,0.01
17038,0.28,9.73,0.48,26.67,0.03,0.03,0.01
17054,0.30,9.73,0.51,26.70,0.03,0.03,0.01
17070,0.29,9.72,0.50,26.68,0.03,0.03,0.01
17086,0.29,9.74,0.49,26.67,0.03,0.03,0.01
17101,0.29,9.75,0.49,26.68,0.03,0.02,0.01
17118,0.29,9.73,0.50,26.68,0.03,0.03,0.01
17133,0.32,9.74,0.51,26.68,0.03,0.03,0.01
17149,0.32,9.74,0.50,26.67,0.03,0.03,0.01
17166,0.29,9.73,0.50,26.69,0.03,0.03,0.01
17181,0.31,9.73,0.50,26.67,0.03,0.03,0.01
17198,0.30,9.74,0.48,26.69,0.03,0.03,0.01
17213,0.28,9.75,0.51,26.68,0.03,0.03,0.01
17229,0.31,9.73,0.50,26.68,0.03,0.03,0.01
17245,0.29,9.72,0.50,26.69,0.03,0.03,0.01
17261,0.30,9.73,0.52,26.68,0.03,0.03,0.01
17277,0.30,9.71,0.48,26.68,0.03,0.03,0.01
17293,0.29,9.73,0.45,26.70,0.03,0.02,0.01
17309,0.27,9.72,0.50,26.67,0.02,0.03,0.01
17325,0.29,9.72,0.47,26.68,0.03,0.03,0.01
17341,0.31,9.72,0.52,26.67,0.03,0.03,0.01
17356,0.29,9.71,0.48,26.67,0.03,0.03,0.01
17373,0.28,9.73,0.51,26.69,0.03,0.03,0.01
17388,0.28,9.73,0.51,26.68,0.03,0.03,0.01
17404,0.29,9.72,0.49,26.67,0.03,0.03,0.01
17421,0.30,9.72,0.50,26.67,0.03,0.02,0.01
17436,0.29,9.73,0.48,26.68,0.03,0.03,0.01
17453,0.29,9.74,0.48,26.67,0.03,0.03,0.01
17468,0.29,9.73,0.48,26.67,0.03,0.03,0.01
17484,0.28,9.73,0.48,26.68,0.03,0.03,0.01
17500,0.29,9.73,0.49,26.71,0.03,0.03,0.01
17516,0.29,9.73,0.49,26.67,0.03,0.03,0.01
17532,0.29,9.72,0.51,26.68,0.03,0.03,0.01
17548,0.30,9.75,0.53,26.67,0.03,0.03,0.01
17564,0.29,9.71,0.49,26.68,0.03,0.03,0.01
17580,0.29,9.71,0.51,26.68,0.03,0.03,0.01
17596,0.29,9.72,0.47,26.69,0.03,0.03,0.01
17611,0.30,9.71,0.49,26.69,0.03,0.03,0.01
17628,0.31,9.73,0.51,26.68,0.03,0.03,0.01
17644,0.32,9.76,0.47,26.67,0.02,0.03,0.01
17659,0.29,9.74,0.46,26.68,0.03,0.03,0.01
17676,0.29,9.71,0.48,26.68,0.03,0.03,0.01
17691,0.30,9.76,0.47,26.68,0.03,0.03,0.01
17708,0.28,9.75,0.49,26.67,0.03,0.03,0.01
17723,0.31,9.73,0.50,26.67,0.03,0.03,0.01
17739,0.31,9.73,0.50,26.67,0.03,0.03,0.01
17756,0.30,9.75,0.51,26.68,0.03,0.03,0.01
17771,0.30,9.73,0.51,26.66,0.03,0.03,0.01
17787,0.29,9.74,0.50,26.67,0.03,0.03,0.01
17803,0.30,9.74,0.47,26.66,0.03,0.03,0.01
17819,0.30,9.72,0.45,26.66,0.03,0.03,0.01
17835,0.31,9.71,0.47,26.67,0.03,0.03,0.01
17851,0.30,9.71,0.51,26.69,0.03,0.03,0.01
17866,0.29,9.72,0.50,26.68,0.03,0.03,0.01
17883,0.30,9.73,0.53,26.67,0.03,0.03,0.01
17899,0.28,9.73,0.51,26.67,0.03,0.03,0.01
17914,0.27,9.74,0.50,26.69,0.03,0.03,0.01
17931,0.28,9.75,0.52,26.68,0.03,0.03,0.01
17946,0.28,9.74,0.48,26.67,0.03,0.03,0.01
17963,0.27,9.74,0.49,26.67,0.03,0.03,0.01
17978,0.28,9.72,0.48,26.68,0.03,0.03,0.01
17994,0.30,9.72,0.51,26.66,0.03,0.03,0.01
18011,0.30,9.74,0.54,26.69,0.03,0.03,0.01
18026,0.31,9.74,0.53,26.67,0.03,0.03,0.01
18042,0.30,9.75,0.52,26.68,0.03,0.03,0.01
18058,0.29,9.73,0.49,26.67,0.03,0.03,0.01
18074,0.30,9.73,0.48,26.69,0.02,0.03,0.01
18089,0.29,9.72,0.48,26.67,0.03,0.03,0.01
18106,0.29,9.72,0.49,26.69,0.03,0.03,0.01
18122,0.29,9.73,0.49,26.68,0.03,0.03,0.01
18138,0.29,9.74,0.49,26.69,0.03,0.03,0.01
18154,0.30,9.72,0.46,26.68,0.02,0.03,0.01
18169,0.30,9.73,0.47,26.68,0.03,0.03,0.01
18186,0.30,9.72,0.50,26.66,0.02,0.03,0.01
18201,0.29,9.74,0.50,26.67,0.03,0.02,0.01
18217,0.29,9.74,0.52,26.69,0.03,0.03,0.01
18233,0.30,9.73,0.46,26.68,0.03,0.03,0.01
18249,0.30,9.73,0.52,26.68,0.03,0.03,0.01
18266,0.28,9.76,0.50,26.67,0.03,0.03,0.01
18281,0.31,9.75,0.49,26.68,0.03,0.03,0.01
18297,0.29,9.75,0.52,26.68,0.03,0.03,0.01
18313,0.29,9.73,0.50,26.69,0.03,0.03,0.01
18329,0.31,9.73,0.47,26.69,0.03,0.03,0.01
18344,0.28,9.73,0.49,26.66,0.03,0.03,0.01
18361,0.29,9.72,0.48,26.67,0.03,0.03,0.01
18377,0.30,9.72,0.49,26.68,0.03,0.03,0.01
18393,0.30,9.72,0.51,26.68,0.02,0.03,0.01
18409,0.29,9.74,0.49,26.68,0.03,0.03,0.01
18424,0.31,9.73,0.50,26.67,0.03,0.03,0.01
18441,0.30,9.73,0.44,26.67,0.03,0.03,0.01
18456,0.28,9.73,0.50,26.68,0.03,0.03,0.01
18472,0.29,9.72,0.48,26.68,0.03,0.03,0.01
18489,0.29,9.73,0.50,26.68,0.03,0.03,0.01
18504,0.29,9.74,0.48,26.67,0.03,0.03,0.01
18521,0.28,9.74,0.52,26.67,0.03,0.03,0.01
18536,0.29,9.73,0.49,26.69,0.02,0.03,0.01
18552,0.29,9.73,0.49,26.68,0.03,0.03,0.01
18568,0.31,9.74,0.47,26.67,0.03,0.03,0.01
18584,0.29,9.72,0.47,26.68,0.03,0.03,0.01
18599,0.29,9.74,0.49,26.68,0.03,0.03,0.01
18616,0.28,9.72,0.51,26.68,0.02,0.03,0.01
18632,0.31,9.72,0.49,26.67,0.03,0.03,0.01
18648,0.29,9.73,0.49,26.68,0.03,0.03,0.01
18664,0.28,9.74,0.51,26.68,0.03,0.03,0.01
18679,0.29,9.73,0.47,26.68,0.03,0.03,0.01
18696,0.31,9.73,0.48,26.67,0.03,0.03,0.01
18711,0.28,9.74,0.48,26.68,0.03,0.03,0.01
18727,0.29,9.76,0.51,26.68,0.03,0.03,0.01
18744,0.29,9.75,0.51,26.67,0.03,0.03,0.01
18759,0.29,9.76,0.51,26.67,0.03,0.03,0.01
18776,0.31,9.74,0.50,26.68,0.03,0.03,0.01
18791,0.30,9.72,0.49,26.66,0.03,0.03,0.01
18807,0.30,9.72,0.45,26.69,0.03,0.03,0.01
18823,0.29,9.71,0.51,26.68,0.03,0.03,0.01
18839,0.29,9.72,0.52,26.67,0.03,0.03,0.01
18855,0.30,9.73,0.49,26.67,0.03,0.03,0.01
18871,0.31,9.73,0.50,26.67,0.03,0.03,0.01
18887,0.31,9.73,0.50,26.67,0.03,0.03,0.01
18903,0.29,9.74,0.49,26.69,0.03,0.03,0.01
18919,0.30,9.73,0.54,26.68,0.03,0.03,0.01
18934,0.30,9.73,0.53,26.66,0.03,0.03,0.01
18951,0.30,9.72,0.50,26.68,0.03,0.03,0.01
18967,0.29,9.72,0.52,26.69,0.03,0.03,0.01
18982,0.29,9.74,0.51,26.69,0.03,0.03,0.01
18999,0.29,9.74,0.50,26.69,0.02,0.03,0.01
19014,0.30,9.73,0.51,26.68,0.03,0.02,0.01
19031,0.30,9.74,0.52,26.68,0.03,0.03,0.01
19046,0.30,9.73,0.49,26.68,0.03,0.03,0.01
19062,0.28,9.72,0.49,26.67,0.03,0.03,0.01
19079,0.31,9.74,0.50,26.68,0.03,0.03,0.01
19094,0.28,9.73,0.51,26.68,0.03,0.03,0.01
19110,0.29,9.73,0.48,26.69,0.03,0.03,0.01
19126,0.29,9.72,0.48,26.69,0.03,0.03,0.01
19142,0.29,9.72,0.49,26.68,0.03,0.03,0.01
19158,0.29,9.74,0.50,26.68,0.03,0.03,0.01
19174,0.30,9.74,0.50,26.69,0.03,0.03,0.01
19189,0.30,9.74,0.48,26.69,0.03,0.03,0.01
19206,0.29,9.74,0.51,26.68,0.02,0.03,0.01
19222,0.28,9.71,0.47,26.67,0.03,0.03,0.01
19237,0.29,9.73,0.53,26.67,0.02,0.03,0.01
19254,0.29,9.74,0.47,26.66,0.03,0.03,0.01
19269,0.31,9.75,0.48,26.67,0.03,0.03,0.01
19286,0.30,9.71,0.51,26.66,0.03,0.03,0.01
19301,0.28,9.74,0.50,26.67,0.03,0.03,0.01
19317,0.29,9.74,0.51,26.68,0.03,0.03,0.01
19334,0.30,9.72,0.49,26.68,0.03,0.03,0.01
19349,0.31,9.74,0.52,26.68,0.03,0.03,0.01
19365,0.30,9.73,0.48,26.67,0.03,0.03,0.01
19381,0.29,9.73,0.50,26.67,0.03,0.03,0.01
19397,0.29,9.74,0.49,26.69,0.03,0.03,0.01
19412,0.29,9.73,0.48,26.67,0.03,0.03,0.01
19429,0.30,9.75,0.48,26.70,0.03,0.03,0.01
19445,0.30,9.74,0.48,26.69,0.03,0.03,0.01
19461,0.31,9.73,0.44,26.67,0.03,0.03,0.01
19477,0.30,9.71,0.48,26.68,0.03,0.03,0.01
19492,0.29,9.73,0.49,26.69,0.03,0.03,0.01
19509,0.29,9.74,0.49,26.69,0.03,0.03,0.01
19524,0.27,9.74,0.48,26.68,0.03,0.03,0.01
19540,0.28,9.74,0.48,26.69,0.03,0.03,0.01
19556,0.28,9.73,0.45,26.68,0.03,0.03,0.01
19572,0.30,9.73,0.50,26.69,0.03,0.03,0.01
19589,0.29,9.72,0.44,26.67,0.03,0.03,0.01
19604,0.29,9.73,0.49,26.67,0.03,0.03,0.01
19620,0.29,9.72,0.44,26.67,0.03,0.03,0.01
19636,0.30,9.75,0.48,26.68,0.03,0.03,0.01
19652,0.28,9.71,0.49,26.67,0.03,0.03,0.01
19667,0.28,9.71,0.50,26.67,0.03,0.03,0.01
19684,0.29,9.72,0.50,26.67,0.03,0.03,0.01
19700,0.29,9.73,0.50,26.67,0.02,0.03,0.01
19716,0.29,9.73,0.49,26.68,0.03,0.03,0.01
19732,0.29,9.73,0.49,26.69,0.03,0.03,0.01
19747,0.29,9.74,0.47,26.68,0.02,0.03,0.01
19764,0.29,9.73,0.49,26.66,0.03,0.03,0.01
19779,0.29,9.72,0.49,26.67,0.03,0.03,0.01
19795,0.31,9.73,0.45,26.68,0.03,0.02,0.01
19812,0.29,9.74,0.52,26.69,0.03,0.03,0.01
19827,0.28,9.71,0.47,26.69,0.03,0.03,0.01
19844,0.28,9.73,0.47,26.67,0.03,0.03,0.01
19859,0.30,9.72,0.49,26.69,0.03,0.03,0.01
19875,0.27,9.73,0.48,26.68,0.03,0.03,0.01
19891,0.28,9.71,0.50,26.68,0.03,0.03,0.01
19907,0.30,9.73,0.50,26.69,0.03,0.03,0.01
19922,0.31,9.74,0.48,26.70,0.03,0.03,0.01
19939,0.30,9.74,0.48,26.69,0.03,0.03,0.01
19955,0.30,9.73,0.48,26.68,0.03,0.03,0.01
19971,0.29,9.72,0.49,26.67,0.03,0.03,0.01
19987,0.31,9.72,0.50,26.68,0.03,0.03,0.01
20002,0.28,9.73,0.47,26.69,0.03,0.03,0.01
20019,0.30,9.73,0.49,26.68,0.03,0.03,0.01
20034,0.28,9.72,0.49,26.68,0.03,0.03,0.01
20050,0.30,9.74,0.49,26.68,0.03,0.03,0.01
20067,0.30,9.73,0.50,26.68,0.03,0.03,0.01
20082,0.30,9.73,0.49,26.69,0.03,0.03,0.01
20099,0.29,9.74,0.48,26.68,0.03,0.03,0.01
20114,0.29,9.73,0.48,26.68,0.03,0.03,0.01
20130,0.30,9.74,0.47,26.69,0.03,0.02,0.01
20146,0.30,9.75,0.48,26.67,0.03,0.03,0.01
20162,0.30,9.73,0.49,26.68,0.03,0.03,0.01
20178,0.29,9.73,0.50,26.67,0.03,0.03,0.01
20194,0.30,9.73,0.52,26.68,0.03,0.03,0.01
20210,0.31,9.73,0.51,26.66,0.03,0.02,0.01
20226,0.30,9.72,0.51,26.67,0.03,0.03,0.01
20242,0.30,9.74,0.49,26.69,0.03,0.03,0.01
20257,0.28,9.74,0.47,26.68,0.03,0.03,0.01
20274,0.29,9.74,0.49,26.69,0.03,0.03,0.01
20289,0.31,9.74,0.47,26.69,0.03,0.03,0.01
20305,0.29,9.72,0.51,26.69,0.03,0.03,0.01
20322,0.30,9.74,0.50,26.67,0.03,0.03,0.01
20337,0.31,9.72,0.47,26.67,0.03,0.03,0.01
20354,0.29,9.74,0.49,26.66,0.03,0.03,0.01
20369,0.30,9.73,0.47,26.67,0.03,0.03,0.01
20385,0.31,9.73,0.49,26.69,0.03,0.03,0.01
20401,0.29,9.72,0.51,26.68,0.02,0.03,0.01
20417,0.30,9.74,0.48,26.67,0.03,0.03,0.01
20433,0.29,9.73,0.47,26.69,0.03,0.03,0.01
20449,0.29,9.75,0.45,26.69,0.03,0.03,0.01
20465,0.29,9.72,0.49,26.68,0.03,0.03,0.01
20481,0.31,9.75,0.47,26.67,0.03,0.03,0.01
20497,0.29,9.75,0.50,26.69,0.03,0.03,0.01
20512,0.30,9.74,0.50,26.68,0.03,0.03,0.01
20529,0.29,9.71,0.50,26.67,0.03,0.03,0.01
20545,0.30,9.72,0.48,26.68,0.03,0.03,0.01
20560,0.29,9.71,0.48,26.68,0.03,0.03,0.01
20577,0.29,9.73,0.47,26.68,0.03,0.03,0.01
20592,0.28,9.75,0.47,26.67,0.03,0.03,0.01
20609,0.31,9.75,0.48,26.67,0.03,0.03,0.01
20624,0.29,9.73,0.47,26.69,0.03,0.02,0.01
20640,0.28,9.73,0.52,26.68,0.03,0.03,0.01
20656,0.29,9.73,0.50,26.70,0.03,0.03,0.01
20672,0.30,9.72,0.47,26.69,0.03,0.03,0.01
20688,0.29,9.73,0.50,26.70,0.03,0.03,0.01
20704,0.27,9.72,0.48,26.68,0.03,0.03,0.01
20720,0.29,9.72,0.49,26.68,0.03,0.03,0.01
20736,0.29,9.71,0.48,26.69,0.03,0.03,0.01
20752,0.30,9.74,0.49,26.69,0.03,0.03,0.01
20767,0.29,9.73,0.51,26.68,0.03,0.03,0.01
20784,0.29,9.71,0.47,26.69,0.03,0.03,0.01
20800,0.31,9.75,0.50,26.68,0.03,0.03,0.01
20815,0.30,9.74,0.52,26.69,0.03,0.03,0.01
20832,0.29,9.72,0.49,26.68,0.03,0.03,0.01
20847,0.31,9.71,0.49,26.69,0.03,0.02,0.01
20864,0.30,9.74,0.50,26.70,0.03,0.03,0.01
20879,0.29,9.73,0.47,26.67,0.02,0.03,0.01
20895,0.29,9.74,0.49,26.70,0.03,0.03,0.01
20911,0.28,9.73,0.52,26.68,0.03,0.03,0.01
20927,0.30,9.72,0.48,26.67,0.03,0.03,0.01
20943,0.29,9.75,0.50,26.68,0.03,0.03,0.01
20959,0.29,9.73,0.51,26.68,0.03,0.03,0.01
20975,0.29,9.73,0.49,26.69,0.03,0.03,0.01
20990,0.31,9.73,0.47,26.69,0.03,0.03,0.01
21007,0.30,9.74,0.51,26.68,0.03,0.03,0.01
21022,0.29,9.73,0.50,26.69,0.03,0.03,0.01
21039,0.29,9.75,0.48,26.69,0.03,0.03,0.01
21055,0.29,9.75,0.49,26.68,0.03,0.02,0.01
21070,0.30,9.72,0.50,26.69,0.03,0.03,0.01
21087,0.30,9.72,0.48,26.69,0.03,0.03,0.01
21102,0.28,9.73,0.44,26.69,0.03,0.03,0.01
21118,0.30,9.73,0.48,26.69,0.03,0.03,0.01
21134,0.30,9.73,0.49,26.69,0.03,0.03,0.01
21150,0.31,9.74,0.52,26.71,0.03,0.03,0.01
21166,0.30,9.73,0.52,26.70,0.03,0.03,0.01
21182,0.28,9.73,0.47,26.69,0.03,0.03,0.01
21198,0.29,9.73,0.48,26.71,0.03,0.03,0.01
21214,0.28,9.71,0.51,26.70,0.03,0.03,0.01
21230,0.29,9.71,0.51,26.69,0.03,0.03,0.01
21245,0.30,9.72,0.48,26.70,0.03,0.03,0.01
21262,0.29,9.72,0.48,26.69,0.03,0.03,0.01
21277,0.28,9.73,0.49,26.67,0.03,0.03,0.01
21294,0.30,9.73,0.50,26.68,0.03,0.03,0.01
21310,0.30,9.74,0.49,26.68,0.03,0.02,0.01
21325,0.29,9.73,0.49,26.66,0.03,0.03,0.01
21342,0.28,9.71,0.48,26.67,0.03,0.02,0.01
21357,0.28,9.73,0.48,26.68,0.03,0.03,0.01
21373,0.29,9.74,0.49,26.68,0.03,0.03,0.01
21389,0.31,9.72,0.48,26.69,0.03,0.02,0.01
21405,0.28,9.73,0.51,26.69,0.03,0.03,0.01
21422,0.31,9.72,0.48,26.69,0.03,0.03,0.01
21437,0.30,9.74,0.49,26.68,0.03,0.03,0.01
21453,0.30,9.73,0.47,26.71,0.03,0.03,0.01
21469,0.29,9.73,0.49,26.69,0.02,0.03,0.01
21485,0.29,9.73,0.48,26.68,0.03,0.03,0.01
21500,0.29,9.73,0.47,26.69,0.03,0.03,0.01
21517,0.29,9.73,0.50,26.70,0.03,0.03,0.01
21532,0.29,9.72,0.48,26.70,0.03,0.03,0.01
21549,0.30,9.73,0.48,26.69,0.03,0.03,0.01
21565,0.28,9.73,0.50,26.70,0.03,0.03,0.01
21580,0.29,9.75,0.48,26.69,0.03,0.03,0.01
21597,0.30,9.76,0.45,26.69,0.03,0.03,0.01
21612,0.31,9.74,0.47,26.68,0.03,0.03,0.01
21628,0.29,9.74,0.46,26.70,0.03,0.03,0.01
21644,0.29,9.74,0.49,26.68,0.03,0.02,0.01
21660,0.29,9.72,0.50,26.70,0.03,0.03,0.01
21677,0.29,9.71,0.47,26.69,0.03,0.03,0.01
21692,0.30,9.74,0.47,26.70,0.02,0.03,0.01
21708,0.30,9.73,0.49,26.69,0.03,0.03,0.01
21724,0.29,9.73,0.51,26.69,0.03,0.03,0.01
21740,0.30,9.71,0.48,26.68,0.03,0.03,0.01
21755,0.30,9.71,0.50,26.68,0.03,0.03,0.01
21772,0.31,9.74,0.49,26.69,0.03,0.03,0.01
21787,0.30,9.75,0.48,26.69,0.03,0.03,0.01
21804,0.28,9.74,0.49,26.68,0.03,0.03,0.01
21820,0.30,9.74,0.50,26.69,0.03,0.03,0.01
21835,0.28,9.74,0.52,26.68,0.03,0.03,0.01
21852,0.31,9.72,0.51,26.69,0.02,0.03,0.01
21867,0.28,9.73,0.48,26.69,0.03,0.03,0.01
21883,0.28,9.73,0.49,26.69,0.03,0.03,0.01
21899,0.28,9.73,0.48,26.68,0.03,0.03,0.01
21915,0.28,9.74,0.47,26.69,0.03,0.03,0.01
21932,0.30,9.73,0.46,26.69,0.02,0.03,0.01
21947,0.28,9.72,0.48,26.68,0.03,0.03,0.01
21963,0.29,9.74,0.51,26.67,0.03,0.03,0.01
21979,0.29,9.74,0.49,26.67,0.03,0.03,0.01
21995,0.28,9.75,0.49,26.67,0.03,0.03,0.01
22010,0.29,9.74,0.50,26.69,0.03,0.03,0.01
22027,0.31,9.74,0.50,26.69,0.03,0.03,0.01
22043,0.31,9.72,0.46,26.68,0.02,0.03,0.01
22059,0.30,9.75,0.48,26.69,0.03,0.03,0.01
22075,0.31,9.74,0.47,26.69,0.03,0.03,0.01
22090,0.30,9.73,0.48,26.70,0.03,0.03,0.01
22107,0.29,9.72,0.48,26.69,0.03,0.03,0.01
22122,0.30,9.73,0.50,26.71,0.03,0.03,0.01
22138,0.29,9.74,0.49,26.69,0.03,0.03,0.01
22154,0.28,9.72,0.50,26.70,0.03,0.03,0.01
22170,0.28,9.72,0.49,26.68,0.03,0.03,0.01
22187,0.31,9.74,0.47,26.68,0.03,0.03,0.01
22202,0.28,9.74,0.48,26.68,0.02,0.03,0.01
22218,0.30,9.72,0.51,26.68,0.03,0.03,0.01
22234,0.29,9.73,0.48,26.69,0.03,0.03,0.01
22250,0.30,9.73,0.51,26.67,0.03,0.03,0.01
22265,0.29,9.73,0.50,26.69,0.03,0.03,0.01
22282,0.28,9.74,0.49,26.67,0.03,0.03,0.01
22298,0.29,9.72,0.50,26.69,0.03,0.03,0.01
22313,0.31,9.73,0.53,26.70,0.03,0.03,0.01
22330,0.29,9.74,0.51,26.69,0.03,0.03,0.01
22345,0.28,9.74,0.45,26.69,0.03,0.03,0.01
22362,0.28,9.73,0.45,26.68,0.03,0.03,0.01
22377,0.29,9.73,0.47,26.69,0.03,0.03,0.01
22393,0.28,9.73,0.51,26.71,0.03,0.02,0.01
22410,0.28,9.75,0.48,26.68,0.03,0.03,0.01
22425,0.28,9.72,0.50,26.69,0.03,0.03,0.01
22441,0.29,9.74,0.47,26.69,0.03,0.03,0.01
22457,0.29,9.73,0.49,26.68,0.03,0.03,0.01
22473,0.30,9.72,0.48,26.70,0.03,0.03,0.01
22489,0.29,9.73,0.51,26.70,0.03,0.03,0.01
22505,0.29,9.74,0.48,26.69,0.03,0.03,0.01
22520,0.29,9.71,0.47,26.69,0.03,0.03,0.01
22537,0.29,9.71,0.51,26.69,0.03,0.03,0.01
22553,0.30,9.72,0.49,26.69,0.02,0.03,0.01
22568,0.31,9.72,0.51,26.67,0.03,0.03,0.01
22585,0.32,9.75,0.51,26.67,0.03,0.03,0.01
22600,0.29,9.71,0.51,26.68,0.03,0.03,0.01
22617,0.30,9.73,0.50,26.69,0.03,0.03,0.01
22632,0.28,9.73,0.51,26.68,0.03,0.03,0.01
22648,0.31,9.72,0.48,26.68,0.03,0.03,0.01
22665,0.31,9.72,0.51,26.69,0.03,0.02,0.01
22680,0.29,9.73,0.52,26.69,0.03,0.03,0.01
22696,0.30,9.73,0.50,26.68,0.03,0.03,0.01
22712,0.29,9.74,0.49,26.69,0.03,0.03,0.01
22728,0.27,9.74,0.49,26.69,0.03,0.03,0.01
22744,0.29,9.73,0.45,26.70,0.03,0.03,0.01
22760,0.29,9.73,0.49,26.69,0.03,0.03,0.01
22776,0.30,9.72,0.49,26.69,0.03,0.03,0.01
22792,0.30,9.72,0.48,26.68,0.03,0.02,0.01
22808,0.31,9.74,0.51,26.70,0.03,0.03,0.01
22823,0.30,9.73,0.48,26.68,0.02,0.03,0.01
22840,0.29,9.73,0.51,26.69,0.03,0.03,0.01
22855,0.30,9.74,0.52,26.69,0.02,0.03,0.01
22872,0.29,9.72,0.51,26.69,0.03,0.03,0.01
22887,0.29,9.73,0.51,26.70,0.03,0.03,0.01
22903,0.28,9.74,0.49,26.69,0.03,0.03,0.01
22920,0.28,9.71,0.45,26.69,0.03,0.03,0.01
22935,0.29,9.72,0.48,26.68,0.03,0.03,0.01
22951,0.31,9.74,0.51,26.69,0.03,0.03,0.01
22967,0.29,9.73,0.51,26.69,0.03,0.03,0.01
22983,0.30,9.73,0.50,26.70,0.03,0.02,0.01
22999,0.31,9.73,0.49,26.70,0.03,0.03,0.01
23015,0.30,9.74,0.49,26.69,0.03,0.03,0.01
23031,0.30,9.73,0.48,26.69,0.03,0.02,0.01
23047,0.30,9.73,0.46,26.70,0.03,0.03,0.01
23063,0.30,9.73,0.45,26.68,0.03,0.03,0.01
23078,0.29,9.74,0.47,26.70,0.03,0.03,0.01
23095,0.28,9.72,0.48,26.71,0.02,0.02,0.01
23110,0.29,9.74,0.48,26.70,0.03,0.03,0.01
23127,0.28,9.73,0.48,26.69,0.02,0.03,0.01
23143,0.29,9.76,0.51,26.69,0.02,0.03,0.01
23158,0.30,9.74,0.51,26.69,0.02,0.03,0.01
23175,0.29,9.73,0.46,26.69,0.02,0.03,0.01
23190,0.28,9.72,0.49,26.69,0.02,0.03,0.01
23206,0.27,9.73,0.52,26.70,0.02,0.03,0.01
23222,0.28,9.72,0.53,26.69,0.03,0.03,0.01
23238,0.30,9.74,0.55,26.70,0.03,0.03,0.01
23254,0.29,9.74,0.50,26.69,0.03,0.03,0.01
23270,0.29,9.72,0.49,26.70,0.03,0.03,0.01
23286,0.30,9.73,0.53,26.69,0.03,0.03,0.01
23302,0.29,9.73,0.50,26.71,0.03,0.03,0.01
23318,0.29,9.73,0.49,26.70,0.03,0.03,0.01
23333,0.29,9.73,0.51,26.70,0.03,0.03,0.01
23350,0.29,9.74,0.49,26.70,0.03,0.03,0.01
23365,0.30,9.71,0.45,26.70,0.02,0.03,0.01
23382,0.29,9.73,0.48,26.69,0.02,0.03,0.01
23398,0.29,9.74,0.51,26.69,0.02,0.03,0.01
23413,0.28,9.73,0.48,26.71,0.03,0.03,0.01
23430,0.28,9.73,0.48,26.71,0.03,0.03,0.01
23445,0.29,9.71,0.49,26.69,0.03,0.03,0.01
23461,0.32,9.72,0.52,26.70,0.03,0.03,0.01
23477,0.31,9.73,0.51,26.72,0.03,0.03,0.01
23493,0.28,9.73,0.48,26.71,0.03,0.02,0.01
23510,0.28,9.73,0.48,26.68,0.03,0.03,0.01
23525,0.28,9.74,0.46,26.69,0.03,0.03,0.01
23541,0.29,9.72,0.47,26.70,0.03,0.03,0.01
23557,0.29,9.74,0.50,26.70,0.03,0.03,0.01
23573,0.31,9.74,0.49,26.69,0.03,0.03,0.01
23588,0.29,9.74,0.50,26.68,0.03,0.03,0.01
23605,0.30,9.72,0.48,26.71,0.03,0.03,0.01
23620,0.28,9.73,0.48,26.69,0.03,0.03,0.01
23636,0.29,9.74,0.49,26.69,0.03,0.03,0.01
23653,0.29,9.75,0.48,26.72,0.03,0.03,0.01
23668,0.31,9.73,0.48,26.71,0.03,0.03,0.01
23685,0.29,9.74,0.47,26.71,0.02,0.03,0.01
23700,0.28,9.73,0.50,26.69,0.02,0.03,0.01
23716,0.30,9.72,0.50,26.68,0.02,0.03,0.01
23732,0.29,9.73,0.47,26.69,0.02,0.03,0.01
23748,0.29,9.72,0.47,26.69,0.02,0.03,0.01
23764,0.30,9.73,0.49,26.68,0.02,0.03,0.01
23780,0.29,9.72,0.48,26.69,0.02,0.03,0.01
23796,0.30,9.73,0.49,26.69,0.02,0.03,0.01
23812,0.29,9.73,0.49,26.69,0.03,0.03,0.01
23828,0.29,9.73,0.47,26.69,0.03,0.03,0.01
23843,0.28,9.73,0.46,26.70,0.03,0.03,0.01
23860,0.28,9.71,0.45,26.72,0.03,0.03,0.01
23875,0.30,9.73,0.48,26.70,0.03,0.03,0.01
23891,0.30,9.74,0.48,26.70,0.03,0.03,0.01
23908,0.29,9.73,0.48,26.69,0.03,0.03,0.01
23923,0.30,9.73,0.47,26.69,0.03,0.03,0.01
23940,0.29,9.73,0.50,26.69,0.03,0.03,0.01
23955,0.30,9.74,0.49,26.69,0.02,0.03,0.01
23971,0.29,9.72,0.48,26.69,0.02,0.03,0.01
23987,0.30,9.72,0.49,26.69,0.03,0.03,0.01
24003,0.30,9.75,0.50,26.71,0.03,0.03,0.01
24019,0.29,9.72,0.52,26.71,0.03,0.03,0.01
24035,0.30,9.72,0.48,26.71,0.03,0.03,0.01
24051,0.30,9.72,0.49,26.69,0.03,0.03,0.01
24067,0.30,9.75,0.50,26.70,0.03,0.02,0.01
24083,0.29,9.72,0.49,26.70,0.03,0.03,0.01
24098,0.29,9.74,0.50,26.71,0.03,0.02,0.01
24115,0.29,9.72,0.47,26.70,0.03,0.03,0.01
24131,0.29,9.73,0.53,26.70,0.03,0.03,0.01
24146,0.29,9.74,0.49,26.72,0.03,0.03,0.01
24163,0.28,9.72,0.51,26.68,0.03,0.03,0.01
24178,0.30,9.72,0.51,26.70,0.03,0.02,0.01
24195,0.31,9.73,0.48,26.69,0.03,0.03,0.01
24210,0.30,9.74,0.51,26.71,0.03,0.03,0.01
24226,0.31,9.73,0.48,26.71,0.03,0.03,0.01
24243,0.29,9.72,0.48,26.70,0.03,0.03,0.01
24258,0.28,9.71,0.47,26.71,0.03,0.02,0.01
24274,0.29,9.75,0.47,26.70,0.03,0.03,0.01
24290,0.29,9.73,0.49,26.70,0.03,0.02,0.01
24306,0.31,9.74,0.50,26.73,0.03,0.03,0.01
24322,0.29,9.73,0.50,26.72,0.03,0.03,0.01
24338,0.29,9.73,0.49,26.72,0.03,0.03,0.01
24353,0.28,9.73,0.48,26.70,0.02,0.03,0.01
24370,0.30,9.72,0.48,26.72,0.02,0.03,0.01
24386,0.31,9.72,0.49,26.69,0.02,0.03,0.01
24401,0.30,9.73,0.48,26.72,0.03,0.03,0.01
24418,0.29,9.73,0.51,26.72,0.03,0.03,0.01
24433,0.29,9.73,0.50,26.69,0.03,0.03,0.01
24450,0.29,9.73,0.50,26.70,0.03,0.03,0.01
24465,0.29,9.73,0.48,26.69,0.03,0.03,0.01
24481,0.30,9.74,0.49,26.68,0.03,0.03,0.01
24498,0.29,9.72,0.49,26.71,0.03,0.03,0.01
24513,0.29,9.72,0.46,26.69,0.03,0.03,0.01
24529,0.30,9.73,0.49,26.69,0.03,0.03,0.01
24545,0.29,9.73,0.50,26.70,0.03,0.03,0.01
24561,0.29,9.72,0.50,26.70,0.03,0.03,0.01
24577,0.27,9.74,0.45,26.70,0.02,0.03,0.01
24593,0.30,9.73,0.49,26.71,0.03,0.03,0.01
24608,0.30,9.73,0.49,26.69,0.03,0.03,0.01
24625,0.29,9.74,0.49,26.70,0.03,0.03,0.01
24641,0.29,9.74,0.48,26.71,0.03,0.03,0.01
24656,0.28,9.74,0.51,26.70,0.03,0.02,0.01
24673,0.30,9.72,0.50,26.70,0.03,0.03,0.01
24688,0.30,9.73,0.51,26.70,0.03,0.03,0.01
24705,0.29,9.75,0.49,26.71,0.03,0.03,0.01
24720,0.30,9.73,0.50,26.70,0.03,0.03,0.01
24736,0.29,9.73,0.50,26.72,0.03,0.03,0.01
24753,0.31,9.75,0.49,26.69,0.03,0.03,0.01
24768,0.30,9.73,0.50,26.70,0.03,0.03,0.01
24784,0.31,9.72,0.50,26.70,0.03,0.03,0.01
24800,0.29,9.73,0.48,26.70,0.03,0.03,0.01
24816,0.30,9.73,0.49,26.69,0.03,0.03,0.01
24832,0.31,9.73,0.50,26.70,0.03,0.03,0.01
24848,0.30,9.73,0.49,26.70,0.03,0.03,0.01
24863,0.31,9.73,0.46,26.71,0.03,0.03,0.01
24880,0.29,9.72,0.51,26.70,0.03,0.03,0.01
24896,0.28,9.75,0.48,26.70,0.03,0.03,0.01
24911,0.28,9.73,0.48,26.71,0.03,0.03,0.01
24928,0.28,9.71,0.53,26.68,0.03,0.03,0.01
24943,0.28,9.74,0.48,26.70,0.03,0.03,0.01
24960,0.30,9.74,0.48,26.70,0.02,0.03,0.01
24975,0.29,9.73,0.46,26.69,0.02,0.03,0.01
24991,0.29,9.73,0.48,26.69,0.03,0.03,0.01
25008,0.30,9.75,0.47,26.70,0.03,0.03,0.01
25023,0.30,9.73,0.49,26.73,0.03,0.03,0.01
25039,0.29,9.74,0.52,26.70,0.03,0.03,0.01
25055,0.29,9.73,0.50,26.71,0.03,0.03,0.01
25071,0.31,9.73,0.49,26.69,0.03,0.03,0.01
25086,0.30,9.74,0.52,26.72,0.03,0.03,0.01
25103,0.29,9.73,0.48,26.72,0.03,0.03,0.01
25118,0.28,9.76,0.51,26.71,0.03,0.03,0.01
25135,0.28,9.74,0.51,26.71,0.03,0.03,0.01
25151,0.30,9.74,0.47,26.70,0.03,0.03,0.01
25166,0.29,9.75,0.47,26.72,0.03,0.03,0.01
25183,0.27,9.73,0.48,26.70,0.03,0.03,0.01
25198,0.28,9.74,0.51,26.72,0.03,0.03,0.01
25214,0.29,9.73,0.51,26.71,0.03,0.03,0.01
25230,0.28,9.73,0.46,26.69,0.03,0.03,0.01
25246,0.30,9.73,0.50,26.70,0.03,0.03,0.01
25263,0.29,9.72,0.44,26.69,0.03,0.03,0.01
25278,0.28,9.74,0.47,26.73,0.02,0.03,0.01
25294,0.29,9.74,0.50,26.71,0.03,0.03,0.01
25310,0.29,9.74,0.50,26.71,0.03,0.03,0.01
25326,0.29,9.72,0.46,26.72,0.03,0.03,0.01
25341,0.28,9.73,0.48,26.72,0.03,0.03,0.01
25358,0.30,9.74,0.48,26.72,0.03,0.03,0.01
25374,0.30,9.73,0.48,26.69,0.03,0.03,0.01
25390,0.28,9.72,0.50,26.70,0.03,0.03,0.01
25406,0.29,9.72,0.49,26.71,0.03,0.03,0.01
25421,0.30,9.74,0.51,26.73,0.03,0.03,0.01
25438,0.29,9.73,0.49,26.72,0.03,0.03,0.01
25453,0.28,9.72,0.52,26.71,0.03,0.03,0.01
25469,0.29,9.73,0.51,26.70,0.03,0.03,0.01
25485,0.29,9.74,0.51,26.71,0.03,0.03,0.01
25501,0.28,9.72,0.46,26.70,0.03,0.03,0.01
25518,0.29,9.69,0.51,26.72,0.02,0.03,0.01
25533,0.31,9.74,0.50,26.71,0.03,0.03,0.01
25549,0.30,9.73,0.48,26.73,0.02,0.03,0.01
25565,0.28,9.71,0.48,26.69,0.02,0.03,0.01
25581,0.31,9.73,0.52,26.70,0.03,0.03,0.01
25596,0.29,9.73,0.49,26.71,0.03,0.03,0.01
25613,0.30,9.72,0.50,26.71,0.03,0.03,0.01
25629,0.30,9.73,0.51,26.71,0.03,0.03,0.01
25645,0.31,9.73,0.50,26.73,0.03,0.03,0.01
25661,0.31,9.72,0.50,26.72,0.03,0.03,0.01
25676,0.29,9.73,0.50,26.72,0.03,0.03,0.01
25693,0.29,9.72,0.53,26.72,0.03,0.03,0.01
25708,0.31,9.73,0.51,26.73,0.03,0.03,0.01
25724,0.29,9.72,0.47,26.73,0.03,0.03,0.01
25741,0.29,9.72,0.50,26.71,0.03,0.03,0.01
25756,0.29,9.73,0.52,26.72,0.03,0.03,0.01
25773,0.29,9.73,0.48,26.72,0.03,0.03,0.01
25788,0.28,9.73,0.49,26.73,0.03,0.03,0.01
25804,0.30,9.73,0.48,26.73,0.03,0.03,0.01
25820,0.30,9.73,0.49,26.70,0.02,0.03,0.01
25836,0.28,9.72,0.50,26.70,0.03,0.03,0.01
25851,0.26,9.72,0.47,26.71,0.03,0.03,0.01
25868,0.29,9.72,0.50,26.71,0.03,0.03,0.01
25884,0.29,9.73,0.49,26.72,0.03,0.03,0.01
25900,0.30,9.74,0.49,26.72,0.03,0.03,0.01
25916,0.27,9.72,0.49,26.72,0.03,0.03,0.01
25931,0.28,9.73,0.46,26.72,0.03,0.03,0.01
25948,0.30,9.73,0.47,26.73,0.02,0.03,0.01
25963,0.31,9.73,0.51,26.73,0.03,0.03,0.01
25979,0.30,9.71,0.46,26.72,0.03,0.03,0.01
25996,0.29,9.74,0.49,26.71,0.03,0.03,0.01
26011,0.30,9.73,0.46,26.72,0.03,0.03,0.01
26028,0.30,9.70,0.48,26.70,0.03,0.03,0.01
26043,0.30,9.74,0.51,26.69,0.03,0.02,0.01
26059,0.30,9.73,0.50,26.72,0.03,0.03,0.01
26075,0.30,9.72,0.46,26.72,0.03,0.03,0.01
26091,0.30,9.71,0.48,26.71,0.03,0.03,0.01
26107,0.29,9.72,0.50,26.72,0.03,0.02,0.01
26123,0.30,9.73,0.51,26.72,0.03,0.03,0.01
26139,0.30,9.72,0.49,26.70,0.03,0.03,0.01
26155,0.28,9.75,0.50,26.72,0.03,0.02,0.01
26171,0.29,9.73,0.49,26.72,0.03,0.03,0.01
26186,0.28,9.73,0.48,26.71,0.03,0.03,0.01
26203,0.32,9.73,0.47,26.71,0.03,0.03,0.01
26218,0.30,9.74,0.44,26.71,0.03,0.03,0.01
26234,0.30,9.74,0.48,26.72,0.03,0.03,0.01
26251,0.27,9.73,0.46,26.72,0.03,0.03,0.01
26266,0.28,9.73,0.51,26.72,0.03,0.03,0.01
26283,0.31,9.72,0.49,26.73,0.03,0.03,0.01
26298,0.30,9.73,0.48,26.72,0.03,0.03,0.01
26314,0.30,9.73,0.50,26.72,0.03,0.03,0.01
26330,0.29,9.73,0.46,26.69,0.03,0.03,0.01
26346,0.30,9.73,0.47,26.70,0.03,0.03,0.01
26362,0.28,9.71,0.49,26.71,0.03,0.03,0.01
26378,0.28,9.73,0.48,26.72,0.03,0.03,0.01
26394,0.29,9.74,0.50,26.71,0.03,0.03,0.01
26409,0.29,9.73,0.49,26.74,0.02,0.03,0.01
26426,0.30,9.72,0.49,26.74,0.03,0.03,0.01
26441,0.30,9.72,0.50,26.71,0.03,0.03,0.01
26458,0.28,9.74,0.49,26.72,0.03,0.03,0.01
26474,0.30,9.73,0.47,26.72,0.03,0.03,0.01
26489,0.28,9.73,0.47,26.71,0.03,0.03,0.01
26506,0.30,9.75,0.49,26.71,0.03,0.03,0.01
26521,0.27,9.74,0.51,26.72,0.03,0.03,0.01
26537,0.28,9.73,0.49,26.73,0.03,0.03,0.01
26553,0.28,9.73,0.46,26.73,0.03,0.03,0.01
26569,0.29,9.73,0.48,26.72,0.03,0.03,0.01
26586,0.30,9.75,0.48,26.72,0.03,0.03,0.01
26601,0.29,9.71,0.49,26.72,0.02,0.03,0.01
26617,0.29,9.74,0.49,26.73,0.03,0.03,0.01
26633,0.31,9.74,0.49,26.72,0.02,0.03,0.01
26649,0.30,9.74,0.46,26.74,0.02,0.03,0.01
26664,0.29,9.75,0.48,26.72,0.03,0.03,0.01
26681,0.30,9.73,0.47,26.73,0.03,0.03,0.01
26696,0.29,9.73,0.49,26.74,0.03,0.03,0.01
26713,0.29,9.74,0.51,26.71,0.03,0.03,0.01
26729,0.31,9.74,0.49,26.73,0.03,0.03,0.01
26744,0.30,9.74,0.51,26.72,0.03,0.03,0.01
26761,0.29,9.73,0.51,26.73,0.03,0.03,0.01
26776,0.28,9.72,0.47,26.73,0.03,0.03,0.01
26792,0.28,9.74,0.48,26.73,0.03,0.02,0.01
26808,0.29,9.74,0.46,26.71,0.03,0.03,0.01
26824,0.30,9.72,0.49,26.71,0.03,0.03,0.01
26841,0.30,9.72,0.50,26.73,0.02,0.02,0.01
26856,0.29,9.74,0.47,26.73,0.03,0.03,0.01
26872,0.31,9.71,0.48,26.74,0.03,0.03,0.01
26888,0.28,9.76,0.49,26.73,0.03,0.03,0.01
26904,0.28,9.74,0.49,26.72,0.03,0.03,0.01
26919,0.30,9.73,0.47,26.72,0.03,0.03,0.01
26936,0.31,9.74,0.51,26.71,0.03,0.03,0.01
26952,0.29,9.73,0.52,26.72,0.03,0.03,0.01
26968,0.30,9.72,0.49,26.73,0.03,0.03,0.01
26984,0.30,9.74,0.47,26.74,0.03,0.03,0.01
26999,0.30,9.72,0.48,26.73,0.03,0.03,0.01
27016,0.30,9.71,0.49,26.72,0.03,0.03,0.01
27031,0.29,9.73,0.51,26.72,0.03,0.03,0.01
27047,0.30,9.74,0.50,26.71,0.03,0.03,0.01
27064,0.29,9.75,0.50,26.73,0.03,0.03,0.01
27079,0.29,9.74,0.49,26.73,0.03,0.03,0.01
27096,0.30,9.75,0.51,26.71,0.03,0.03,0.01
27111,0.28,9.73,0.49,26.72,0.03,0.03,0.01
27127,0.29,9.74,0.50,26.73,0.03,0.03,0.01
27143,0.28,9.72,0.50,26.73,0.03,0.03,0.01
27159,0.28,9.73,0.49,26.73,0.02,0.03,0.01
27174,0.30,9.73,0.49,26.72,0.03,0.03,0.01
27191,0.30,9.73,0.48,26.71,0.03,0.03,0.01
27207,0.28,9.74,0.48,26.72,0.03,0.03,0.01
27223,0.28,9.76,0.48,26.72,0.02,0.03,0.01
27239,0.28,9.75,0.48,26.72,0.02,0.03,0.01
27254,0.29,9.72,0.48,26.73,0.03,0.03,0.01
27271,0.29,9.71,0.51,26.72,0.03,0.03,0.01
27286,0.29,9.74,0.50,26.73,0.03,0.03,0.01
27302,0.29,9.73,0.50,26.71,0.03,0.03,0.01
27319,0.28,9.73,0.49,26.71,0.03,0.03,0.01
27334,0.30,9.72,0.50,26.71,0.03,0.03,0.01
27351,0.32,9.73,0.49,26.71,0.03,0.03,0.01
27366,0.29,9.74,0.49,26.73,0.03,0.03,0.01
27382,0.31,9.73,0.49,26.71,0.03,0.03,0.01
27398,0.30,9.74,0.49,26.71,0.03,0.02,0.01
27414,0.29,9.73,0.51,26.72,0.03,0.03,0.01
27430,0.29,9.72,0.47,26.74,0.03,0.03,0.01
27446,0.30,9.74,0.48,26.72,0.03,0.03,0.01
27462,0.31,9.72,0.52,26.72,0.02,0.03,0.01
27478,0.28,9.73,0.52,26.71,0.02,0.03,0.01
27494,0.29,9.75,0.50,26.72,0.02,0.03,0.01
27509,0.29,9.72,0.46,26.71,0.02,0.03,0.01
27526,0.30,9.73,0.49,26.71,0.03,0.03,0.01
27542,0.28,9.74,0.49,26.73,0.03,0.03,0.01
27557,0.31,9.73,0.49,26.72,0.03,0.03,0.01
27574,0.30,9.74,0.51,26.71,0.03,0.03,0.01
27589,0.28,9.74,0.50,26.72,0.03,0.03,0.01
27606,0.29,9.73,0.50,26.73,0.03,0.03,0.01
27621,0.30,9.73,0.49,26.71,0.03,0.03,0.01
27637,0.29,9.74,0.50,26.72,0.03,0.03,0.01
27653,0.30,9.74,0.48,26.72,0.02,0.03,0.01
27669,0.29,9.74,0.49,26.72,0.03,0.03,0.01
27685,0.31,9.72,0.49,26.73,0.03,0.03,0.01
27701,0.31,9.73,0.49,26.73,0.03,0.03,0.01
27717,0.30,9.72,0.49,26.73,0.03,0.03,0.01
27732,0.28,9.73,0.52,26.74,0.03,0.03,0.01
27749,0.28,9.72,0.50,26.72,0.03,0.02,0.01
27764,0.31,9.72,0.49,26.72,0.03,0.03,0.01
27781,0.30,9.72,0.50,26.72,0.03,0.03,0.01
27797,0.29,9.72,0.47,26.72,0.03,0.03,0.01
27812,0.27,9.73,0.53,26.71,0.02,0.03,0.01
27829,0.31,9.74,0.51,26.71,0.02,0.03,0.01
27844,0.32,9.74,0.52,26.73,0.02,0.03,0.01
27860,0.30,9.76,0.50,26.71,0.03,0.03,0.01
27876,0.29,9.74,0.53,26.72,0.03,0.03,0.01
27892,0.30,9.75,0.50,26.72,0.03,0.03,0.01
27909,0.30,9.73,0.47,26.72,0.03,0.03,0.01
27924,0.29,9.74,0.45,26.71,0.03,0.02,0.01
27940,0.28,9.74,0.49,26.71,0.03,0.03,0.01
27956,0.30,9.73,0.49,26.71,0.03,0.03,0.01
27972,0.29,9.72,0.48,26.72,0.02,0.03,0.01
27987,0.30,9.74,0.55,26.70,0.03,0.03,0.01
28004,0.29,9.72,0.50,26.73,0.03,0.03,0.01
28020,0.29,9.74,0.51,26.71,0.03,0.03,0.01
28036,0.31,9.73,0.50,26.72,0.03,0.03,0.01
28052,0.29,9.71,0.46,26.73,0.03,0.03,0.01
28067,0.31,9.73,0.47,26.72,0.03,0.03,0.01
28084,0.30,9.70,0.50,26.71,0.02,0.03,0.01
28099,0.29,9.70,0.46,26.71,0.02,0.03,0.01
28115,0.30,9.73,0.46,26.70,0.03,0.03,0.01
28131,0.28,9.73,0.50,26.69,0.03,0.03,0.01
28147,0.30,9.73,0.49,26.71,0.03,0.03,0.01
28164,0.29,9.71,0.51,26.71,0.03,0.03,0.01
28179,0.31,9.74,0.49,26.73,0.03,0.03,0.01
28195,0.30,9.74,0.46,26.71,0.03,0.03,0.01
28211,0.29,9.72,0.47,26.72,0.03,0.03,0.01
28227,0.29,9.73,0.49,26.71,0.03,0.03,0.01
28242,0.29,9.73,0.50,26.71,0.02,0.03,0.01
28259,0.28,9.73,0.49,26.71,0.03,0.03,0.01
28275,0.29,9.73,0.51,26.70,0.03,0.03,0.01
28291,0.28,9.72,0.50,26.72,0.03,0.03,0.01
28307,0.30,9.71,0.48,26.71,0.03,0.03,0.01
28322,0.31,9.73,0.46,26.71,0.03,0.02,0.01
28339,0.29,9.72,0.45,26.70,0.03,0.03,0.01
28354,0.29,9.74,0.47,26.70,0.03,0.03,0.01
28370,0.31,9.74,0.49,26.71,0.03,0.03,0.01
28387,0.30,9.73,0.46,26.71,0.03,0.03,0.01
28402,0.30,9.72,0.48,26.70,0.03,0.03,0.01
28419,0.29,9.72,0.50,26.70,0.03,0.03,0.01
28434,0.29,9.73,0.47,26.72,0.02,0.03,0.01
28450,0.30,9.72,0.50,26.70,0.02,0.03,0.01
28466,0.29,9.73,0.50,26.71,0.02,0.03,0.01
28482,0.28,9.73,0.50,26.72,0.03,0.03,0.01
28497,0.30,9.73,0.48,26.70,0.03,0.03,0.01
28514,0.30,9.72,0.49,26.72,0.03,0.03,0.01
28530,0.29,9.73,0.50,26.70,0.02,0.03,0.01
28546,0.29,9.74,0.47,26.71,0.02,0.03,0.01
28562,0.30,9.74,0.50,26.71,0.02,0.03,0.01
28577,0.30,9.74,0.49,26.71,0.03,0.03,0.01
28594,0.30,9.74,0.52,26.72,0.03,0.03,0.01
28609,0.29,9.73,0.47,26.71,0.03,0.03,0.01
28625,0.29,9.72,0.50,26.71,0.03,0.03,0.01
28642,0.28,9.73,0.48,26.72,0.02,0.03,0.01
28657,0.30,9.74,0.49,26.72,0.03,0.03,0.01
28674,0.30,9.73,0.48,26.71,0.03,0.03,0.01
28689,0.30,9.73,0.51,26.71,0.03,0.03,0.01
28705,0.27,9.74,0.50,26.72,0.03,0.03,0.01
28721,0.31,9.73,0.47,26.70,0.03,0.03,0.01
28737,0.29,9.72,0.51,26.71,0.03,0.03,0.01
28753,0.31,9.74,0.49,26.72,0.03,0.03,0.01
28769,0.31,9.71,0.50,26.71,0.03,0.03,0.01
28785,0.29,9.72,0.46,26.72,0.02,0.03,0.01
28801,0.29,9.74,0.54,26.71,0.03,0.03,0.01
28817,0.28,9.72,0.44,26.70,0.03,0.03,0.01
28832,0.32,9.72,0.49,26.71,0.03,0.03,0.01
28849,0.30,9.73,0.49,26.70,0.03,0.03,0.01
28864,0.30,9.73,0.49,26.71,0.03,0.03,0.01
28880,0.29,9.72,0.50,26.69,0.03,0.03,0.01
28897,0.31,9.72,0.48,26.70,0.03,0.03,0.01
28912,0.30,9.74,0.50,26.69,0.03,0.03,0.01
28929,0.29,9.72,0.49,26.72,0.03,0.03,0.01
28944,0.28,9.73,0.48,26.71,0.03,0.03,0.01
28960,0.29,9.72,0.49,26.71,0.03,0.03,0.01
28976,0.30,9.73,0.50,26.72,0.03,0.03,0.01
28992,0.30,9.73,0.48,26.70,0.03,0.03,0.01
29008,0.30,9.71,0.49,26.69,0.03,0.02,0.01
29024,0.31,9.72,0.50,26.71,0.03,0.03,0.01
29040,0.30,9.73,0.52,26.73,0.03,0.03,0.01
29056,0.29,9.74,0.50,26.71,0.02,0.03,0.01
29072,0.29,9.74,0.54,26.73,0.03,0.03,0.01
29087,0.30,9.73,0.52,26.73,0.02,0.03,0.01
29104,0.31,9.73,0.48,26.72,0.02,0.03,0.01
29120,0.30,9.74,0.51,26.71,0.03,0.03,0.01
29135,0.28,9.73,0.47,26.71,0.03,0.03,0.01
29152,0.29,9.74,0.50,26.71,0.03,0.03,0.01
29167,0.29,9.72,0.48,26.71,0.03,0.03,0.01
29184,0.30,9.73,0.47,26.70,0.03,0.03,0.01
29199,0.30,9.73,0.48,26.70,0.03,0.03,0.01
29215,0.28,9.74,0.50,26.70,0.02,0.03,0.01
29231,0.30,9.74,0.51,26.72,0.03,0.03,0.01
29247,0.28,9.72,0.47,26.73,0.03,0.03,0.01
29263,0.30,9.72,0.48,26.70,0.03,0.03,0.01
29279,0.30,9.74,0.46,26.71,0.03,0.03,0.01
29295,0.29,9.74,0.49,26.72,0.03,0.03,0.01
29310,0.30,9.74,0.51,26.69,0.03,0.03,0.01
29327,0.30,9.74,0.48,26.69,0.03,0.03,0.01
29342,0.30,9.75,0.44,26.70,0.03,0.03,0.01
29359,0.29,9.73,0.50,26.71,0.03,0.03,0.01
29375,0.30,9.73,0.51,26.70,0.03,0.03,0.01
29390,0.29,9.74,0.50,26.72,0.03,0.03,0.01
29407,0.30,9.72,0.52,26.69,0.03,0.03,0.01
29422,0.29,9.71,0.46,26.71,0.02,0.03,0.01
29438,0.30,9.72,0.48,26.70,0.03,0.03,0.01
29454,0.29,9.72,0.47,26.71,0.03,0.03,0.01
29470,0.30,9.72,0.50,26.70,0.03,0.03,0.01
29486,0.29,9.74,0.47,26.71,0.03,0.02,0.01
29502,0.29,9.72,0.51,26.72,0.03,0.03,0.01
29518,0.28,9.72,0.50,26.71,0.03,0.03,0.01
29534,0.28,9.72,0.48,26.72,0.02,0.03,0.01
29550,0.29,9.72,0.49,26.71,0.03,0.03,0.01
29565,0.28,9.74,0.50,26.72,0.02,0.03,0.01
29582,0.32,9.73,0.48,26.70,0.03,0.03,0.01
29597,0.28,9.73,0.49,26.72,0.03,0.03,0.01
29614,0.30,9.75,0.53,26.71,0.03,0.03,0.01
29630,0.31,9.75,0.48,26.71,0.03,0.03,0.01
29645,0.30,9.73,0.46,26.70,0.02,0.03,0.01
29662,0.28,9.73,0.47,26.70,0.03,0.03,0.01
29677,0.29,9.73,0.46,26.71,0.03,0.03,0.01
29693,0.30,9.73,0.45,26.72,0.03,0.03,0.01
29709,0.29,9.74,0.49,26.72,0.03,0.03,0.01
29725,0.30,9.72,0.47,26.70,0.02,0.03,0.01
29742,0.30,9.73,0.47,26.71,0.03,0.03,0.01
29757,0.30,9.74,0.48,26.72,0.03,0.03,0.01
29773,0.30,9.74,0.49,26.72,0.03,0.03,0.01
29789,0.31,9.73,0.50,26.71,0.03,0.03,0.01
29805,0.29,9.73,0.50,26.70,0.03,0.03,0.01
29820,0.30,9.74,0.49,26.72,0.03,0.03,0.01
29837,0.30,9.73,0.51,26.71,0.03,0.03,0.01
29852,0.29,9.72,0.46,26.71,0.03,0.03,0.01
29869,0.29,9.74,0.51,26.70,0.03,0.03,0.01
29885,0.28,9.74,0.50,26.72,0.03,0.03,0.01
29900,0.30,9.72,0.50,26.73,0.03,0.03,0.01
29917,0.30,9.74,0.48,26.72,0.03,0.03,0.01
29932,0.28,9.73,0.48,26.72,0.03,0.03,0.01
29948,0.29,9.72,0.54,26.71,0.03,0.03,0.01
29964,0.28,9.73,0.48,26.72,0.03,0.03,0.01
29980,0.30,9.74,0.50,26.71,0.03,0.03,0.01
29997,0.29,9.74,0.49,26.71,0.03,0.03,0.01
30012,0.31,9.73,0.50,26.73,0.03,0.03,0.01
30028,0.29,9.74,0.48,26.71,0.03,0.03,0.01
30044,0.31,9.73,0.48,26.72,0.03,0.03,0.01
30060,0.31,9.72,0.49,26.72,0.03,0.03,0.01
30075,0.28,9.75,0.49,26.70,0.02,0.03,0.01
30092,0.29,9.75,0.49,26.70,0.03,0.03,0.01
30108,0.28,9.73,0.45,26.69,0.03,0.03,0.01
30124,0.29,9.74,0.50,26.69,0.03,0.02,0.01
30140,0.31,9.73,0.52,26.71,0.03,0.03,0.01
30155,0.30,9.73,0.52,26.69,0.03,0.03,0.01
30172,0.30,9.73,0.51,26.71,0.03,0.03,0.01
30187,0.30,9.73,0.49,26.72,0.03,0.03,0.01
30203,0.29,9.73,0.51,26.69,0.03,0.03,0.01
30219,0.29,9.74,0.49,26.72,0.03,0.03,0.01
30235,0.29,9.75,0.49,26.73,0.03,0.03,0.01
30252,0.30,9.73,0.46,26.69,0.03,0.03,0.01
30267,0.29,9.74,0.48,26.70,0.03,0.03,0.01
30283,0.28,9.73,0.48,26.71,0.03,0.03,0.01
30299,0.30,9.72,0.50,26.71,0.03,0.03,0.01
30315,0.29,9.75,0.48,26.72,0.03,0.02,0.01
30330,0.29,9.74,0.52,26.72,0.03,0.03,0.01
30347,0.30,9.72,0.50,26.70,0.03,0.03,0.01
30363,0.29,9.73,0.50,26.73,0.03,0.03,0.01
30379,0.28,9.73,0.51,26.73,0.03,0.03,0.01
30395,0.30,9.72,0.53,26.73,0.03,0.03,0.01
30410,0.31,9.73,0.51,26.72,0.03,0.03,0.01
30427,0.29,9.72,0.48,26.71,0.03,0.03,0.01
30442,0.29,9.74,0.50,26.71,0.03,0.03,0.01
30458,0.28,9.72,0.45,26.72,0.03,0.03,0.01
30475,0.29,9.71,0.50,26.72,0.03,0.03,0.01
30490,0.29,9.73,0.52,26.71,0.03,0.03,0.01
30507,0.31,9.72,0.50,26.71,0.03,0.03,0.01
30522,0.30,9.74,0.47,26.71,0.03,0.03,0.01
30538,0.31,9.74,0.49,26.71,0.03,0.03,0.01
30554,0.29,9.72,0.47,26.69,0.03,0.03,0.01
30570,0.29,9.72,0.50,26.70,0.03,0.03,0.01
30585,0.28,9.72,0.46,26.71,0.02,0.03,0.01
30602,0.29,9.73,0.47,26.70,0.02,0.03,0.01
30618,0.28,9.73,0.51,26.70,0.02,0.03,0.01
30633,0.28,9.74,0.48,26.70,0.03,0.03,0.01
30650,0.29,9.73,0.52,26.70,0.03,0.03,0.01
30665,0.29,9.75,0.50,26.71,0.03,0.03,0.01
30682,0.30,9.74,0.50,26.71,0.03,0.03,0.01
30697,0.31,9.73,0.52,26.72,0.03,0.03,0.01
30713,0.31,9.73,0.55,26.70,0.03,0.03,0.01
30730,0.29,9.73,0.51,26.70,0.03,0.03,0.01
30745,0.28,9.73,0.49,26.71,0.03,0.03,0.01
30761,0.29,9.73,0.48,26.72,0.03,0.03,0.01
30777,0.30,9.74,0.51,26.71,0.03,0.03,0.01
30793,0.32,9.74,0.49,26.71,0.03,0.03,0.01
30809,0.30,9.73,0.47,26.71,0.03,0.02,0.01
30825,0.28,9.74,0.48,26.69,0.03,0.03,0.01
